{
    "metadata": {
        "timestamp": "2025-03-03T09:21:54.486244"
    },
    "indicators": {
        "nodes": {
            "0": {
                "seismic_activity": 0.17420489560132235,
                "radiation_readings": 0.6606459186095561,
                "population_density": 0.08232364565259469,
                "emergency_calls": 0.906647103934985,
                "thermal_readings": 0.05759832624663795,
                "signal_strength": 0.7509235287794342,
                "structural_integrity": 0.8002710060102278
            },
            "1": {
                "seismic_activity": 0.056119163325494256,
                "radiation_readings": 0.6684902324615056,
                "population_density": 0.29789149837134615,
                "emergency_calls": 0.916069169172865,
                "thermal_readings": 0.4461287444342311,
                "signal_strength": 0.6870866668210321,
                "structural_integrity": 0.8863936518960599
            },
            "2": {
                "seismic_activity": 0.4436554687924888,
                "radiation_readings": 0.010560292643467958,
                "population_density": 0.36244748494570767,
                "emergency_calls": 0.0,
                "thermal_readings": 0.7038134120297854,
                "signal_strength": 0.7947535879407552,
                "structural_integrity": 0.6702655609037973
            },
            "3": {
                "seismic_activity": 0.3719303600552161,
                "radiation_readings": 0.0,
                "population_density": 0.3861215414272196,
                "emergency_calls": 0.842981674038357,
                "thermal_readings": 0.5921741986540983,
                "signal_strength": 0.7446659680723345,
                "structural_integrity": 0.7499711741162516
            },
            "4": {
                "seismic_activity": 0.025834346450830187,
                "radiation_readings": 0.36325736312267276,
                "population_density": 0.18739564921251659,
                "emergency_calls": 0.9201609456099793,
                "thermal_readings": 0.46319032629080154,
                "signal_strength": 0.8838104828878786,
                "structural_integrity": 1.0
            },
            "5": {
                "seismic_activity": 0.0,
                "radiation_readings": 0.7094164310267406,
                "population_density": 0.0,
                "emergency_calls": 0.827159488291539,
                "thermal_readings": 0.3898225418707477,
                "signal_strength": 0.7932266743406708,
                "structural_integrity": 0.9856117272884204
            },
            "6": {
                "seismic_activity": 0.0,
                "radiation_readings": 0.6272301651687973,
                "population_density": 0.16793660696831658,
                "emergency_calls": 0.8667708421859247,
                "thermal_readings": 0.25226862745270034,
                "signal_strength": 0.8486193554849146,
                "structural_integrity": 0.9522476739702124
            },
            "7": {
                "seismic_activity": 0.11679321651697258,
                "radiation_readings": 0.31941468946130464,
                "population_density": 0.21579148842309692,
                "emergency_calls": 0.9521877184452271,
                "thermal_readings": 0.45428588274915793,
                "signal_strength": 0.7092938768909897,
                "structural_integrity": 0.8384851323215313
            },
            "8": {
                "seismic_activity": 0.0,
                "radiation_readings": 0.880591588009069,
                "population_density": 0.0,
                "emergency_calls": 0.9612230968801393,
                "thermal_readings": 0.12892963916542716,
                "signal_strength": 0.6428452572536583,
                "structural_integrity": 1.0
            },
            "9": {
                "seismic_activity": 0.0916771449783253,
                "radiation_readings": 0.27097119370615474,
                "population_density": 0.3560049133566338,
                "emergency_calls": 0.9298430990626039,
                "thermal_readings": 0.5758844479837608,
                "signal_strength": 0.7984513347732948,
                "structural_integrity": 0.7937318081888357
            },
            "10": {
                "seismic_activity": 0.26926273006497053,
                "radiation_readings": 0.3277157318901204,
                "population_density": 0.3835593677019379,
                "emergency_calls": 0.974789192072473,
                "thermal_readings": 0.6911947024368582,
                "signal_strength": 0.7189895441745889,
                "structural_integrity": 0.8422005767615813
            },
            "11": {
                "seismic_activity": 0.34434753126533535,
                "radiation_readings": 0.052478277599965234,
                "population_density": 0.31190783120015986,
                "emergency_calls": 0.7396847530587557,
                "thermal_readings": 0.5598554448136521,
                "signal_strength": 0.736363645857456,
                "structural_integrity": 0.7556965145979135
            },
            "12": {
                "seismic_activity": 0.2596335577717333,
                "radiation_readings": 0.6188276754251806,
                "population_density": 0.08143554537707909,
                "emergency_calls": 0.9419975450993141,
                "thermal_readings": 0.3007248591758386,
                "signal_strength": 0.748075815179748,
                "structural_integrity": 0.8206657245934188
            },
            "13": {
                "seismic_activity": 0.18533600935308606,
                "radiation_readings": 0.11921226932951651,
                "population_density": 0.3323278014203048,
                "emergency_calls": 0.0768042175573497,
                "thermal_readings": 0.3528671733066318,
                "signal_strength": 0.7038125932615734,
                "structural_integrity": 0.8054353880641006
            },
            "14": {
                "seismic_activity": 0.05494343241528049,
                "radiation_readings": 0.27489263128279123,
                "population_density": 0.36390792358992624,
                "emergency_calls": 0.9419660176699614,
                "thermal_readings": 0.5721926075949968,
                "signal_strength": 0.8939926176338715,
                "structural_integrity": 0.9650092398347464
            },
            "15": {
                "seismic_activity": 0.0996908861576647,
                "radiation_readings": 0.713169425999503,
                "population_density": 0.04031195001261581,
                "emergency_calls": 0.8084299544323499,
                "thermal_readings": 0.3188937449410669,
                "signal_strength": 0.5651470761504821,
                "structural_integrity": 0.9169899132478352
            },
            "16": {
                "seismic_activity": 0.13553162489615533,
                "radiation_readings": 0.8929892513363215,
                "population_density": 0.05478507861947604,
                "emergency_calls": 0.8121094225010309,
                "thermal_readings": 0.22690481548331426,
                "signal_strength": 0.6300601208099328,
                "structural_integrity": 0.7971794734879263
            },
            "17": {
                "seismic_activity": 0.23761817948808275,
                "radiation_readings": 0.3784768540350154,
                "population_density": 0.3142733821527343,
                "emergency_calls": 0.8434062281460347,
                "thermal_readings": 0.4757503247468,
                "signal_strength": 0.7332098745637555,
                "structural_integrity": 0.938764481556627
            },
            "18": {
                "seismic_activity": 0.017526751526041356,
                "radiation_readings": 0.0,
                "population_density": 0.35648419671872983,