{
    "metadata": {
        "timestamp": "2025-03-03T09:21:53.980632"
    },
    "indicators": {
        "nodes": {
            "0": {
                "seismic_activity": 0.0,
                "radiation_readings": 0.15765517872209783,
                "population_density": 0.4474809524033798,
                "emergency_calls": 0.7110084683769987,
                "thermal_readings": 0.641767235102305,
                "signal_strength": 1.0,
                "structural_integrity": 1.0
            },
            "1": {
                "seismic_activity": 0.48103255856465355,
                "radiation_readings": 0.058936877630283324,
                "population_density": 0.20200589566731955,
                "emergency_calls": 0.5086379327847469,
                "thermal_readings": 0.5631227001429997,
                "signal_strength": 0.7431649033592203,
                "structural_integrity": 0.5586366884562443
            },
            "2": {
                "seismic_activity": 0.5696862688197469,
                "radiation_readings": 0.053645476111695956,
                "population_density": 0.087595345892725,
                "emergency_calls": 0.20921604443910097,
                "thermal_readings": 0.5437253696970453,
                "signal_strength": 0.7849411029713208,
                "structural_integrity": 0.5035625339978518
            },
            "3": {
                "seismic_activity": 0.5010512297433493,
                "radiation_readings": 0.0797863314981026,
                "population_density": 0.3088676704875829,
                "emergency_calls": 0.4163212739794417,
                "thermal_readings": 0.5631662063734475,
                "signal_strength": 0.5595005695112031,
                "structural_integrity": 0.40569209044340093
            },
            "4": {
                "seismic_activity": 0.598932227561261,
                "radiation_readings": 0.0047057173338695135,
                "population_density": 0.12086030271646014,
                "emergency_calls": 0.27815381732224503,
                "thermal_readings": 0.5246453829203889,
                "signal_strength": 0.7687924529014408,
                "structural_integrity": 0.3613755611572984
            },
            "5": {
                "seismic_activity": 0.6956214177018566,
                "radiation_readings": 0.6669609647955916,
                "population_density": 0.0,
                "emergency_calls": 0.8093675732297876,
                "thermal_readings": 0.24648712661577118,
                "signal_strength": 0.2782839421831085,
                "structural_integrity": 0.2832042363014311
            },
            "6": {
                "seismic_activity": 0.5867951779900533,
                "radiation_readings": 0.4339228086493544,
                "population_density": 0.4291346589491577,
                "emergency_calls": 0.9676646751777196,
                "thermal_readings": 0.3729357760257713,
                "signal_strength": 0.4745349904954447,
                "structural_integrity": 0.31164452803009357
            },
            "7": {
                "seismic_activity": 0.4925748537574677,
                "radiation_readings": 0.2984597821011238,
                "population_density": 0.6235627418541527,
                "emergency_calls": 0.8301772396242344,
                "thermal_readings": 0.7596937613012392,
                "signal_strength": 0.5093747959623658,
                "structural_integrity": 0.49381873914382735
            },
            "8": {
                "seismic_activity": 0.6167103473281279,
                "radiation_readings": 0.68800003562633,
                "population_density": 0.0,
                "emergency_calls": 0.9098750312938195,
                "thermal_readings": 0.2844237220937412,
                "signal_strength": 0.23237679712868803,
                "structural_integrity": 0.36706379959545293
            },
            "9": {
                "seismic_activity": 0.9025439532224694,
                "radiation_readings": 1.0,
                "population_density": 0.14965873119947426,
                "emergency_calls": 0.9530388217632251,
                "thermal_readings": 0.328652342148525,
                "signal_strength": 0.10727995849744178,
                "structural_integrity": 0.017583956366567233
            },
            "10": {
                "seismic_activity": 0.3573405308880409,
                "radiation_readings": 0.0,
                "population_density": 0.31547002035335797,
                "emergency_calls": 0.7974656995475078,
                "thermal_readings": 0.4434437660358874,
                "signal_strength": 0.7204187902862855,
                "structural_integrity": 0.6510357953573456
            },
            "11": {
                "seismic_activity": 0.7045908769874383,
                "radiation_readings": 0.5829861083231008,
                "population_density": 0.24568650637909645,
                "emergency_calls": 0.8588862835028589,
                "thermal_readings": 0.33305539057680317,
                "signal_strength": 0.357037349695146,
                "structural_integrity": 0.2724903096483653
            },
            "12": {
                "seismic_activity": 0.6770353692926394,
                "radiation_readings": 0.05791761187138729,
                "population_density": 0.3154974455444768,
                "emergency_calls": 0.27159835384488706,
                "thermal_readings": 0.620203665709724,
                "signal_strength": 0.7211849314023188,
                "structural_integrity": 0.4155255661958683
            },
            "13": {
                "seismic_activity": 0.4252224116886008,
                "radiation_readings": 0.11580195844356295,
                "population_density": 0.223589066140853,
                "emergency_calls": 0.28875126107708216,
                "thermal_readings": 0.6009192345242315,
                "signal_strength": 0.7082528995890144,
                "structural_integrity": 0.5760976419242851
            },
            "14": {
                "seismic_activity": 0.8008849472278058,
                "radiation_readings": 0.6728972541792942,
                "population_density": 0.4654703477431966,
                "emergency_calls": 0.9456063904452243,
                "thermal_readings": 0.3991957288215838,
                "signal_strength": 0.25427431644339404,
                "structural_integrity": 0.13020978719851467
            },
            "15": {
                "seismic_activity": 0.7690764148695041,
                "radiation_readings": 0.545443552705799,
                "population_density": 0.6328389396621167,
                "emergency_calls": 0.8992342228873809,
                "thermal_readings": 0.691985274258464,
                "signal_strength": 0.3327273467114416,
                "structural_integrity": 0.2890569380422643
            },
            "16": {
                "seismic_activity": 0.7114041241930322,
                "radiation_readings": 0.6712246006192513,
                "population_density": 0.40669721732901565,
                "emergency_calls": 0.9577070465175624,
                "thermal_readings": 0.7615617355069743,
                "signal_strength": 0.22329115284119203,
                "structural_integrity": 0.15005512324743053
            },
            "17": {
                "seismic_activity": 1.0,
                "radiation_readings": 0.943594496570874,
                "population_density": 0.47184924084928614,
                "emergency_calls": 0.9806780310351209,
                "thermal_readings": 0.5412417524767494,
                "signal_strength": 0.18389369273330675,
                "structural_integrity": 0.0
            },
            "18": {
                "seismic_activity": 0.17733497990754032,
                "radiation_readings": 0.01263422701641119,
                "population_density": 0.06208821833793127,