{
    "metadata": {
        "policy_name": "EvacuationPolicy",
        "experiment_id": "20250303_0921",
        "city_size": 30,
        "run_id": 157
    },
    "performance": {
        "success": false,
        "time_taken": 209.84720718427317,
        "path_length": 45.294599222960386
    },
    "resource_details": {
        "explosives": {
            "allocated": 3,
            "used": 1,
            "efficiency": 0.3333333333333333
        },
        "ammo": {
            "allocated": 3,
            "used": 2,
            "efficiency": 0.6666666666666666
        },
        "radiation_suits": {
            "allocated": 3,
            "used": 3,
            "efficiency": 1.0
        }
    },
    "proxy_metrics": {
        "nodes": {
            "seismic_activity": {
                "mean": 0.32227411334961736,
                "std": 0.2800591189634343
            },
            "radiation_readings": {
                "mean": 0.37121028632917624,
                "std": 0.3031567531926357
            },
            "population_density": {
                "mean": 0.2810487202371895,
                "std": 0.1399451109312973
            },
            "emergency_calls": {
                "mean": 0.773375802248331,
                "std": 0.2585445872436668
            },
            "thermal_readings": {
                "mean": 0.4618581114797173,
                "std": 0.13651814801210288
            },
            "signal_strength": {
                "mean": 0.649588456314675,
                "std": 0.2529134520375519
            },
            "structural_integrity": {
                "mean": 0.6662325586730073,
                "std": 0.286604509467812
            }
        },
        "edges": {
            "structural_damage": {
                "mean": 0.4634319364504232,
                "std": 0.34065287833984126
            },
            "signal_interference": {
                "mean": 0.33919042209419176,
                "std": 0.19397523380341408
            },
            "movement_sightings": {
                "mean": 0.5854491953067296,
                "std": 0.23321893154836004
            },
            "debris_density": {
                "mean": 0.46753772971526947,
                "std": 0.2922755270166492
            },
            "hazard_gradient": {
                "mean": 0.2379313531694474,
                "std": 0.12502653610188544
            }
        }
    }
}