{
    "metadata": {
        "policy_name": "EvacuationPolicy",
        "experiment_id": "20250303_0921",
        "city_size": 61,
        "run_id": 258
    },
    "performance": {
        "success": false,
        "time_taken": 360.1355512427215,
        "path_length": 69.41303945595324
    },
    "resource_details": {
        "explosives": {
            "allocated": 4,
            "used": 2,
            "efficiency": 0.5
        },
        "ammo": {
            "allocated": 4,
            "used": 1,
            "efficiency": 0.25
        },
        "radiation_suits": {
            "allocated": 4,
            "used": 4,
            "efficiency": 1.0
        }
    },
    "proxy_metrics": {
        "nodes": {
            "seismic_activity": {
                "mean": 0.31385571607195145,
                "std": 0.23023056085278387
            },
            "radiation_readings": {
                "mean": 0.4557477154506552,
                "std": 0.2741113645146475
            },
            "population_density": {
                "mean": 0.086872637200871,
                "std": 0.0989300640593233
            },
            "emergency_calls": {
                "mean": 0.7684758753878014,
                "std": 0.29542776867695125
            },
            "thermal_readings": {
                "mean": 0.2297170916987543,
                "std": 0.11940578081617002
            },
            "signal_strength": {
                "mean": 0.627991629116796,
                "std": 0.16683390131503145
            },
            "structural_integrity": {
                "mean": 0.6911357112016735,
                "std": 0.2395293549147253
            }
        },
        "edges": {
            "structural_damage": {
                "mean": 0.39730342252174566,
                "std": 0.35008299352792255
            },
            "signal_interference": {
                "mean": 0.36070396706395885,
                "std": 0.19211698481263143
            },
            "movement_sightings": {
                "mean": 0.39323862237150836,
                "std": 0.20821009565621082
            },
            "debris_density": {
                "mean": 0.41356076091631455,
                "std": 0.295195121115541
            },
            "hazard_gradient": {
                "mean": 0.18939768009023336,
                "std": 0.1478085920223598
            }
        }
    }
}