{
    "metadata": {
        "policy_name": "EvacuationPolicy",
        "experiment_id": "20250303_0921",
        "city_size": 36,
        "run_id": 349
    },
    "performance": {
        "success": false,
        "time_taken": 247.32814158520327,
        "path_length": 43.77133045341937
    },
    "resource_details": {
        "explosives": {
            "allocated": 3,
            "used": 2,
            "efficiency": 0.6666666666666666
        },
        "ammo": {
            "allocated": 3,
            "used": 3,
            "efficiency": 1.0
        },
        "radiation_suits": {
            "allocated": 3,
            "used": 3,
            "efficiency": 1.0
        }
    },
    "proxy_metrics": {
        "nodes": {
            "seismic_activity": {
                "mean": 0.33593865210518287,
                "std": 0.27859235703472446
            },
            "radiation_readings": {
                "mean": 0.43699414974842077,
                "std": 0.31067498734549626
            },
            "population_density": {
                "mean": 0.25262392737324185,
                "std": 0.16954845455544978
            },
            "emergency_calls": {
                "mean": 0.6692991766077918,
                "std": 0.37198309845498323
            },
            "thermal_readings": {
                "mean": 0.43487569740517656,
                "std": 0.15142001068089925
            },
            "signal_strength": {
                "mean": 0.626264197336177,
                "std": 0.23965314397685156
            },
            "structural_integrity": {
                "mean": 0.6899324574319592,
                "std": 0.25971779212785046
            }
        },
        "edges": {
            "structural_damage": {
                "mean": 0.4031703507880738,
                "std": 0.35341641017844416
            },
            "signal_interference": {
                "mean": 0.346973475303518,
                "std": 0.21644170123508447
            },
            "movement_sightings": {
                "mean": 0.5668122310806872,
                "std": 0.23316952553857592
            },
            "debris_density": {
                "mean": 0.4193199954033626,
                "std": 0.29995125218198365
            },
            "hazard_gradient": {
                "mean": 0.20364104816580872,
                "std": 0.13176627346189937
            }
        }
    }
}