{
    "metadata": {
        "policy_name": "EvacuationPolicy",
        "experiment_id": "20250303_0921",
        "city_size": 49,
        "run_id": 276
    },
    "performance": {
        "success": true,
        "time_taken": 70.7602216093055,
        "path_length": 33.44284151555526
    },
    "resource_details": {
        "explosives": {
            "allocated": 3,
            "used": 1,
            "efficiency": 0.3333333333333333
        },
        "ammo": {
            "allocated": 3,
            "used": 1,
            "efficiency": 0.3333333333333333
        },
        "radiation_suits": {
            "allocated": 3,
            "used": 0,
            "efficiency": 0.0
        }
    },
    "proxy_metrics": {
        "nodes": {
            "seismic_activity": {
                "mean": 0.27916234830408587,
                "std": 0.22624728632838573
            },
            "radiation_readings": {
                "mean": 0.3899966531900484,
                "std": 0.3431647482269454
            },
            "population_density": {
                "mean": 0.21950939558537938,
                "std": 0.23602643235796775
            },
            "emergency_calls": {
                "mean": 0.6837189106488979,
                "std": 0.3159800658450911
            },
            "thermal_readings": {
                "mean": 0.37103993273953717,
                "std": 0.22673341884726456
            },
            "signal_strength": {
                "mean": 0.693094914349757,
                "std": 0.1624607068236929
            },
            "structural_integrity": {
                "mean": 0.7203273468241731,
                "std": 0.22467753464176893
            }
        },
        "edges": {
            "structural_damage": {
                "mean": 0.37114800145367005,
                "std": 0.29927387177409687
            },
            "signal_interference": {
                "mean": 0.3022199243885904,
                "std": 0.20981255644061936
            },
            "movement_sightings": {
                "mean": 0.464140028687058,
                "std": 0.25550976989780605
            },
            "debris_density": {
                "mean": 0.3659057339408334,
                "std": 0.2618807747636055
            },
            "hazard_gradient": {
                "mean": 0.20676282494393652,
                "std": 0.14657089982550128
            }
        }
    }
}