{
    "metadata": {
        "policy_name": "EvacuationPolicy",
        "experiment_id": "20250303_0921",
        "city_size": 24,
        "run_id": 180
    },
    "performance": {
        "success": true,
        "time_taken": 37.31213990572757,
        "path_length": 17.192896949953916
    },
    "resource_details": {
        "explosives": {
            "allocated": 2,
            "used": 0,
            "efficiency": 0.0
        },
        "ammo": {
            "allocated": 2,
            "used": 0,
            "efficiency": 0.0
        },
        "radiation_suits": {
            "allocated": 2,
            "used": 2,
            "efficiency": 1.0
        }
    },
    "proxy_metrics": {
        "nodes": {
            "seismic_activity": {
                "mean": 0.42307521757128735,
                "std": 0.3295139336997251
            },
            "radiation_readings": {
                "mean": 0.4357814172826739,
                "std": 0.2843355501611886
            },
            "population_density": {
                "mean": 0.22356839841106257,
                "std": 0.14863333058006822
            },
            "emergency_calls": {
                "mean": 0.7674224615903253,
                "std": 0.28668521786998236
            },
            "thermal_readings": {
                "mean": 0.3707569960893185,
                "std": 0.16458019687704567
            },
            "signal_strength": {
                "mean": 0.5844116552883226,
                "std": 0.3179884252913108
            },
            "structural_integrity": {
                "mean": 0.6061095190758997,
                "std": 0.33092863385931576
            }
        },
        "edges": {
            "structural_damage": {
                "mean": 0.49099663837877294,
                "std": 0.3553895408261698
            },
            "signal_interference": {
                "mean": 0.3650341133309801,
                "std": 0.23961713640888802
            },
            "movement_sightings": {
                "mean": 0.5313530939948895,
                "std": 0.24446112893907454
            },
            "debris_density": {
                "mean": 0.5079321509425383,
                "std": 0.3127911168020675
            },
            "hazard_gradient": {
                "mean": 0.22682899942336102,
                "std": 0.1356730755558486
            }
        }
    }
}