{
    "metadata": {
        "policy_name": "EvacuationPolicy",
        "experiment_id": "20250303_0921",
        "city_size": 37,
        "run_id": 450
    },
    "performance": {
        "success": false,
        "time_taken": 414.30628360106755,
        "path_length": 66.93687322753918
    },
    "resource_details": {
        "explosives": {
            "allocated": 4,
            "used": 2,
            "efficiency": 0.5
        },
        "ammo": {
            "allocated": 4,
            "used": 3,
            "efficiency": 0.75
        },
        "radiation_suits": {
            "allocated": 4,
            "used": 4,
            "efficiency": 1.0
        }
    },
    "proxy_metrics": {
        "nodes": {
            "seismic_activity": {
                "mean": 0.3324447527855384,
                "std": 0.2471537410262883
            },
            "radiation_readings": {
                "mean": 0.4547122226159647,
                "std": 0.2739722891777673
            },
            "population_density": {
                "mean": 0.29508852363440263,
                "std": 0.22184551490052343
            },
            "emergency_calls": {
                "mean": 0.7843447161366353,
                "std": 0.2714446703658684
            },
            "thermal_readings": {
                "mean": 0.46828988451632436,
                "std": 0.21786427089660568
            },
            "signal_strength": {
                "mean": 0.6450839268987854,
                "std": 0.2220036778659298
            },
            "structural_integrity": {
                "mean": 0.6843872220494223,
                "std": 0.26196826254103944
            }
        },
        "edges": {
            "structural_damage": {
                "mean": 0.4049257294987067,
                "std": 0.3514730536201759
            },
            "signal_interference": {
                "mean": 0.36860738141790766,
                "std": 0.21519884912109652
            },
            "movement_sightings": {
                "mean": 0.5895185834475158,
                "std": 0.21432042782773425
            },
            "debris_density": {
                "mean": 0.3968772809775655,
                "std": 0.3094177154466969
            },
            "hazard_gradient": {
                "mean": 0.2494633144147036,
                "std": 0.1336552139533841
            }
        }
    }
}