{
    "metadata": {
        "policy_name": "EvacuationPolicy",
        "experiment_id": "20250303_0921",
        "city_size": 64,
        "run_id": 70
    },
    "performance": {
        "success": false,
        "time_taken": 209.5319750841466,
        "path_length": 46.08866637983175
    },
    "resource_details": {
        "explosives": {
            "allocated": 2,
            "used": 2,
            "efficiency": 1.0
        },
        "ammo": {
            "allocated": 2,
            "used": 2,
            "efficiency": 1.0
        },
        "radiation_suits": {
            "allocated": 2,
            "used": 2,
            "efficiency": 1.0
        }
    },
    "proxy_metrics": {
        "nodes": {
            "seismic_activity": {
                "mean": 0.27548711990025043,
                "std": 0.2535805798767072
            },
            "radiation_readings": {
                "mean": 0.35336083400813384,
                "std": 0.3132221816605385
            },
            "population_density": {
                "mean": 0.3120561175123029,
                "std": 0.19803758221787346
            },
            "emergency_calls": {
                "mean": 0.7566189856949881,
                "std": 0.2569704383986664
            },
            "thermal_readings": {
                "mean": 0.4776011304008104,
                "std": 0.19732692304383664
            },
            "signal_strength": {
                "mean": 0.6928684130033826,
                "std": 0.207034477686824
            },
            "structural_integrity": {
                "mean": 0.7300540655595122,
                "std": 0.24620450180565148
            }
        },
        "edges": {
            "structural_damage": {
                "mean": 0.35252974516256014,
                "std": 0.3299503375179368
            },
            "signal_interference": {
                "mean": 0.28493076829105013,
                "std": 0.22391590165624856
            },
            "movement_sightings": {
                "mean": 0.49849036432537286,
                "std": 0.23677340905315652
            },
            "debris_density": {
                "mean": 0.3586726613201835,
                "std": 0.294971805350984
            },
            "hazard_gradient": {
                "mean": 0.2319613584374728,
                "std": 0.12699776083022632
            }
        }
    }
}