{
    "metadata": {
        "policy_name": "EvacuationPolicy",
        "experiment_id": "20250303_0921",
        "city_size": 69,
        "run_id": 218
    },
    "performance": {
        "success": false,
        "time_taken": 380.0677575543259,
        "path_length": 75.38314495279613
    },
    "resource_details": {
        "explosives": {
            "allocated": 3,
            "used": 2,
            "efficiency": 0.6666666666666666
        },
        "ammo": {
            "allocated": 3,
            "used": 2,
            "efficiency": 0.6666666666666666
        },
        "radiation_suits": {
            "allocated": 3,
            "used": 3,
            "efficiency": 1.0
        }
    },
    "proxy_metrics": {
        "nodes": {
            "seismic_activity": {
                "mean": 0.3354239637036826,
                "std": 0.24451071127733107
            },
            "radiation_readings": {
                "mean": 0.38785407075612605,
                "std": 0.31225868646293914
            },
            "population_density": {
                "mean": 0.17473906558483357,
                "std": 0.13679470194923762
            },
            "emergency_calls": {
                "mean": 0.6602429819109457,
                "std": 0.35669540613293516
            },
            "thermal_readings": {
                "mean": 0.34116485688835907,
                "std": 0.18197237830312557
            },
            "signal_strength": {
                "mean": 0.6664181435400073,
                "std": 0.21514342529888464
            },
            "structural_integrity": {
                "mean": 0.6708736894596616,
                "std": 0.24548708651243956
            }
        },
        "edges": {
            "structural_damage": {
                "mean": 0.4223141431778632,
                "std": 0.33943177385007933
            },
            "signal_interference": {
                "mean": 0.30767994070184806,
                "std": 0.22229063125138035
            },
            "movement_sightings": {
                "mean": 0.42995400653975735,
                "std": 0.21234884786010513
            },
            "debris_density": {
                "mean": 0.42210585162438113,
                "std": 0.2785208612379395
            },
            "hazard_gradient": {
                "mean": 0.20576127205986272,
                "std": 0.13229848128776203
            }
        }
    }
}