{
    "metadata": {
        "policy_name": "EvacuationPolicy",
        "experiment_id": "20250303_0921",
        "city_size": 63,
        "run_id": 329
    },
    "performance": {
        "success": false,
        "time_taken": 0.0,
        "path_length": 0
    },
    "resource_details": {
        "explosives": {
            "allocated": 4,
            "used": 4,
            "efficiency": 1.0
        },
        "ammo": {
            "allocated": 4,
            "used": 4,
            "efficiency": 1.0
        },
        "radiation_suits": {
            "allocated": 4,
            "used": 4,
            "efficiency": 1.0
        }
    },
    "proxy_metrics": {
        "nodes": {
            "seismic_activity": {
                "mean": 0.280064605325544,
                "std": 0.21705502883676334
            },
            "radiation_readings": {
                "mean": 0.3433835717695214,
                "std": 0.3259422173371181
            },
            "population_density": {
                "mean": 0.0723640280571874,
                "std": 0.08885489946262136
            },
            "emergency_calls": {
                "mean": 0.5930255592945002,
                "std": 0.3691123021119518
            },
            "thermal_readings": {
                "mean": 0.23732680049047497,
                "std": 0.1478690206603472
            },
            "signal_strength": {
                "mean": 0.7207270042932821,
                "std": 0.1536944417625401
            },
            "structural_integrity": {
                "mean": 0.7408134455839294,
                "std": 0.2003913982470585
            }
        },
        "edges": {
            "structural_damage": {
                "mean": 0.33689001808314756,
                "std": 0.317980724516648
            },
            "signal_interference": {
                "mean": 0.28693069013435285,
                "std": 0.20826873414956687
            },
            "movement_sightings": {
                "mean": 0.30075928581254785,
                "std": 0.18812724283167645
            },
            "debris_density": {
                "mean": 0.3533575075717394,
                "std": 0.27405398488906624
            },
            "hazard_gradient": {
                "mean": 0.1572604067592269,
                "std": 0.14112830929652126
            }
        }
    }
}