{
    "metadata": {
        "policy_name": "EvacuationPolicy",
        "experiment_id": "20250303_0921",
        "city_size": 52,
        "run_id": 246
    },
    "performance": {
        "success": false,
        "time_taken": 550.5210493922241,
        "path_length": 96.74666202611012
    },
    "resource_details": {
        "explosives": {
            "allocated": 3,
            "used": 2,
            "efficiency": 0.6666666666666666
        },
        "ammo": {
            "allocated": 3,
            "used": 3,
            "efficiency": 1.0
        },
        "radiation_suits": {
            "allocated": 3,
            "used": 3,
            "efficiency": 1.0
        }
    },
    "proxy_metrics": {
        "nodes": {
            "seismic_activity": {
                "mean": 0.3617236388430322,
                "std": 0.28545285864010433
            },
            "radiation_readings": {
                "mean": 0.43098054133082386,
                "std": 0.2994245691930256
            },
            "population_density": {
                "mean": 0.2242203711167751,
                "std": 0.13047432689817004
            },
            "emergency_calls": {
                "mean": 0.7403906203780457,
                "std": 0.3120156433087383
            },
            "thermal_readings": {
                "mean": 0.3696528064546606,
                "std": 0.1676401370872743
            },
            "signal_strength": {
                "mean": 0.6322750441699614,
                "std": 0.19624095769482605
            },
            "structural_integrity": {
                "mean": 0.6400831646889749,
                "std": 0.27721752929579224
            }
        },
        "edges": {
            "structural_damage": {
                "mean": 0.44851619173022145,
                "std": 0.36763160579250037
            },
            "signal_interference": {
                "mean": 0.3531043223011479,
                "std": 0.21105388989714846
            },
            "movement_sightings": {
                "mean": 0.4935113580061633,
                "std": 0.17407734815493414
            },
            "debris_density": {
                "mean": 0.4595244309002961,
                "std": 0.31645556256371143
            },
            "hazard_gradient": {
                "mean": 0.20036733463564574,
                "std": 0.12786871367280644
            }
        }
    }
}