{
    "metadata": {
        "policy_name": "EvacuationPolicy",
        "experiment_id": "20250303_0921",
        "city_size": 29,
        "run_id": 205
    },
    "performance": {
        "success": true,
        "time_taken": 216.6774812217039,
        "path_length": 51.80687934608086
    },
    "resource_details": {
        "explosives": {
            "allocated": 4,
            "used": 1,
            "efficiency": 0.25
        },
        "ammo": {
            "allocated": 4,
            "used": 2,
            "efficiency": 0.5
        },
        "radiation_suits": {
            "allocated": 4,
            "used": 3,
            "efficiency": 0.75
        }
    },
    "proxy_metrics": {
        "nodes": {
            "seismic_activity": {
                "mean": 0.3231012971995272,
                "std": 0.22216769027219443
            },
            "radiation_readings": {
                "mean": 0.4347561677218657,
                "std": 0.2283990320647668
            },
            "population_density": {
                "mean": 0.21185457578637798,
                "std": 0.12228570288056104
            },
            "emergency_calls": {
                "mean": 0.8577839130226316,
                "std": 0.1346321422578911
            },
            "thermal_readings": {
                "mean": 0.36677666073433685,
                "std": 0.13569357054986814
            },
            "signal_strength": {
                "mean": 0.6458632590294894,
                "std": 0.12304015991736304
            },
            "structural_integrity": {
                "mean": 0.6684548839728751,
                "std": 0.20546236450166208
            }
        },
        "edges": {
            "structural_damage": {
                "mean": 0.47341005044078693,
                "std": 0.2952915244754702
            },
            "signal_interference": {
                "mean": 0.3770438841656825,
                "std": 0.17764024369200154
            },
            "movement_sightings": {
                "mean": 0.5247414714463424,
                "std": 0.24401163372733484
            },
            "debris_density": {
                "mean": 0.47431534149323185,
                "std": 0.2534967346381301
            },
            "hazard_gradient": {
                "mean": 0.24069256090845395,
                "std": 0.12121274032080417
            }
        }
    }
}