{
    "metadata": {
        "policy_name": "EvacuationPolicy",
        "experiment_id": "20250303_0921",
        "city_size": 55,
        "run_id": 262
    },
    "performance": {
        "success": true,
        "time_taken": 25.354173242837685,
        "path_length": 12.39056275380885
    },
    "resource_details": {
        "explosives": {
            "allocated": 4,
            "used": 0,
            "efficiency": 0.0
        },
        "ammo": {
            "allocated": 4,
            "used": 0,
            "efficiency": 0.0
        },
        "radiation_suits": {
            "allocated": 4,
            "used": 2,
            "efficiency": 0.5
        }
    },
    "proxy_metrics": {
        "nodes": {
            "seismic_activity": {
                "mean": 0.3552344512573136,
                "std": 0.29115317537291774
            },
            "radiation_readings": {
                "mean": 0.2878320340479991,
                "std": 0.3022404067102392
            },
            "population_density": {
                "mean": 0.15656424027137347,
                "std": 0.126424295585276
            },
            "emergency_calls": {
                "mean": 0.6415373709748887,
                "std": 0.3619229419380192
            },
            "thermal_readings": {
                "mean": 0.2953050451781965,
                "std": 0.16206937208121355
            },
            "signal_strength": {
                "mean": 0.6846089889296457,
                "std": 0.24855569693875718
            },
            "structural_integrity": {
                "mean": 0.6524068410792077,
                "std": 0.29315964452795645
            }
        },
        "edges": {
            "structural_damage": {
                "mean": 0.42553991666011864,
                "std": 0.35233211263786635
            },
            "signal_interference": {
                "mean": 0.28002803639301066,
                "std": 0.22496641754881333
            },
            "movement_sightings": {
                "mean": 0.4629377680528055,
                "std": 0.20448049145627367
            },
            "debris_density": {
                "mean": 0.42807983501241115,
                "std": 0.3151296122869844
            },
            "hazard_gradient": {
                "mean": 0.20872819659608088,
                "std": 0.11939988349176583
            }
        }
    }
}