{
    "metadata": {
        "policy_name": "EvacuationPolicy",
        "experiment_id": "20250303_0921",
        "city_size": 44,
        "run_id": 423
    },
    "performance": {
        "success": true,
        "time_taken": 29.72574960921981,
        "path_length": 11.506009164549747
    },
    "resource_details": {
        "explosives": {
            "allocated": 2,
            "used": 0,
            "efficiency": 0.0
        },
        "ammo": {
            "allocated": 2,
            "used": 1,
            "efficiency": 0.5
        },
        "radiation_suits": {
            "allocated": 2,
            "used": 2,
            "efficiency": 1.0
        }
    },
    "proxy_metrics": {
        "nodes": {
            "seismic_activity": {
                "mean": 0.3900171096151612,
                "std": 0.2859186270953951
            },
            "radiation_readings": {
                "mean": 0.3936006589698032,
                "std": 0.2969521500921039
            },
            "population_density": {
                "mean": 0.1998708031848899,
                "std": 0.149906061238751
            },
            "emergency_calls": {
                "mean": 0.6962482403556518,
                "std": 0.323277180291376
            },
            "thermal_readings": {
                "mean": 0.3548911293242447,
                "std": 0.15425649113260034
            },
            "signal_strength": {
                "mean": 0.6149859253161476,
                "std": 0.19787616920634135
            },
            "structural_integrity": {
                "mean": 0.6339915112834853,
                "std": 0.29217916045941317
            }
        },
        "edges": {
            "structural_damage": {
                "mean": 0.5145648406171809,
                "std": 0.354928448385284
            },
            "signal_interference": {
                "mean": 0.3408900786639187,
                "std": 0.20141477983137462
            },
            "movement_sightings": {
                "mean": 0.4928648270862243,
                "std": 0.23293838913288067
            },
            "debris_density": {
                "mean": 0.5193753455695242,
                "std": 0.2874047609202259
            },
            "hazard_gradient": {
                "mean": 0.21374057585981657,
                "std": 0.13486681629693054
            }
        }
    }
}