{
    "metadata": {
        "policy_name": "EvacuationPolicy",
        "experiment_id": "20250303_0921",
        "city_size": 35,
        "run_id": 67
    },
    "performance": {
        "success": true,
        "time_taken": 161.08386614738697,
        "path_length": 38.454209284325714
    },
    "resource_details": {
        "explosives": {
            "allocated": 3,
            "used": 0,
            "efficiency": 0.0
        },
        "ammo": {
            "allocated": 3,
            "used": 3,
            "efficiency": 1.0
        },
        "radiation_suits": {
            "allocated": 3,
            "used": 3,
            "efficiency": 1.0
        }
    },
    "proxy_metrics": {
        "nodes": {
            "seismic_activity": {
                "mean": 0.38806825772614056,
                "std": 0.21704035063601387
            },
            "radiation_readings": {
                "mean": 0.3938661407472512,
                "std": 0.3312293828423001
            },
            "population_density": {
                "mean": 0.23854924015084608,
                "std": 0.11293088711698901
            },
            "emergency_calls": {
                "mean": 0.8144717843404584,
                "std": 0.19175496743642262
            },
            "thermal_readings": {
                "mean": 0.3836139283273487,
                "std": 0.10506888750145242
            },
            "signal_strength": {
                "mean": 0.6104510041448427,
                "std": 0.15569286213493375
            },
            "structural_integrity": {
                "mean": 0.6043382366422414,
                "std": 0.2339679483206154
            }
        },
        "edges": {
            "structural_damage": {
                "mean": 0.5505480718177901,
                "std": 0.33663347914583647
            },
            "signal_interference": {
                "mean": 0.3379844371397352,
                "std": 0.2109265855938085
            },
            "movement_sightings": {
                "mean": 0.6080683014181947,
                "std": 0.1780894020751712
            },
            "debris_density": {
                "mean": 0.5537428800619816,
                "std": 0.27054528714756093
            },
            "hazard_gradient": {
                "mean": 0.1999114463071779,
                "std": 0.12684495698473267
            }
        }
    }
}