{
    "metadata": {
        "policy_name": "EvacuationPolicy",
        "experiment_id": "20250303_0921",
        "city_size": 45,
        "run_id": 462
    },
    "performance": {
        "success": true,
        "time_taken": 241.16164944594755,
        "path_length": 60.25273615894004
    },
    "resource_details": {
        "explosives": {
            "allocated": 4,
            "used": 1,
            "efficiency": 0.25
        },
        "ammo": {
            "allocated": 4,
            "used": 2,
            "efficiency": 0.5
        },
        "radiation_suits": {
            "allocated": 4,
            "used": 3,
            "efficiency": 0.75
        }
    },
    "proxy_metrics": {
        "nodes": {
            "seismic_activity": {
                "mean": 0.36440367800239487,
                "std": 0.2169605926880499
            },
            "radiation_readings": {
                "mean": 0.34554228836384604,
                "std": 0.30461814858425373
            },
            "population_density": {
                "mean": 0.13078207737060385,
                "std": 0.1176617911283851
            },
            "emergency_calls": {
                "mean": 0.6928889813452023,
                "std": 0.3050662904593755
            },
            "thermal_readings": {
                "mean": 0.27164513905683657,
                "std": 0.14772635866877634
            },
            "signal_strength": {
                "mean": 0.6566100786625306,
                "std": 0.1749277764677946
            },
            "structural_integrity": {
                "mean": 0.6532771214575628,
                "std": 0.21341540642967916
            }
        },
        "edges": {
            "structural_damage": {
                "mean": 0.44912025758133955,
                "std": 0.35785324566404125
            },
            "signal_interference": {
                "mean": 0.31301210050325073,
                "std": 0.21360115442774563
            },
            "movement_sightings": {
                "mean": 0.4317074517470177,
                "std": 0.23235498511443328
            },
            "debris_density": {
                "mean": 0.44182035642608075,
                "std": 0.3027078614041142
            },
            "hazard_gradient": {
                "mean": 0.19557956055565573,
                "std": 0.1334734205064528
            }
        }
    }
}