{
    "metadata": {
        "policy_name": "EvacuationPolicy",
        "experiment_id": "20250303_0921",
        "city_size": 34,
        "run_id": 2
    },
    "performance": {
        "success": false,
        "time_taken": 153.36505495597692,
        "path_length": 50.97346072570154
    },
    "resource_details": {
        "explosives": {
            "allocated": 2,
            "used": 0,
            "efficiency": 0.0
        },
        "ammo": {
            "allocated": 2,
            "used": 1,
            "efficiency": 0.5
        },
        "radiation_suits": {
            "allocated": 2,
            "used": 2,
            "efficiency": 1.0
        }
    },
    "proxy_metrics": {
        "nodes": {
            "seismic_activity": {
                "mean": 0.2756026711554319,
                "std": 0.295200988928319
            },
            "radiation_readings": {
                "mean": 0.4975199197642153,
                "std": 0.2918161034436712
            },
            "population_density": {
                "mean": 0.2924068987140716,
                "std": 0.1877457254531364
            },
            "emergency_calls": {
                "mean": 0.7309499867922072,
                "std": 0.3221997158572827
            },
            "thermal_readings": {
                "mean": 0.4491806341310521,
                "std": 0.13773412859556894
            },
            "signal_strength": {
                "mean": 0.6297379867619006,
                "std": 0.2537537316167563
            },
            "structural_integrity": {
                "mean": 0.719960318683559,
                "std": 0.2939686935209524
            }
        },
        "edges": {
            "structural_damage": {
                "mean": 0.34692358945703977,
                "std": 0.342184730910928
            },
            "signal_interference": {
                "mean": 0.3878824300492592,
                "std": 0.2158263682482922
            },
            "movement_sightings": {
                "mean": 0.5554743176185565,
                "std": 0.18982888840073334
            },
            "debris_density": {
                "mean": 0.36587033958463133,
                "std": 0.2837869317760006
            },
            "hazard_gradient": {
                "mean": 0.22110691230432966,
                "std": 0.13704244821001288
            }
        }
    }
}