{
    "metadata": {
        "policy_name": "EvacuationPolicy",
        "experiment_id": "20250303_0921",
        "city_size": 56,
        "run_id": 427
    },
    "performance": {
        "success": true,
        "time_taken": 107.77884242575456,
        "path_length": 29.76019486082759
    },
    "resource_details": {
        "explosives": {
            "allocated": 3,
            "used": 1,
            "efficiency": 0.3333333333333333
        },
        "ammo": {
            "allocated": 3,
            "used": 1,
            "efficiency": 0.3333333333333333
        },
        "radiation_suits": {
            "allocated": 3,
            "used": 3,
            "efficiency": 1.0
        }
    },
    "proxy_metrics": {
        "nodes": {
            "seismic_activity": {
                "mean": 0.4031290498369605,
                "std": 0.28164946582622125
            },
            "radiation_readings": {
                "mean": 0.449384544562567,
                "std": 0.26244770716162175
            },
            "population_density": {
                "mean": 0.1555737387678358,
                "std": 0.11552573230081366
            },
            "emergency_calls": {
                "mean": 0.7041204430778135,
                "std": 0.3543823224212787
            },
            "thermal_readings": {
                "mean": 0.2899642071246647,
                "std": 0.15338497390583974
            },
            "signal_strength": {
                "mean": 0.6156318962386215,
                "std": 0.20674790815088334
            },
            "structural_integrity": {
                "mean": 0.603516531166493,
                "std": 0.2730560757873357
            }
        },
        "edges": {
            "structural_damage": {
                "mean": 0.5285372178306651,
                "std": 0.3248882383494663
            },
            "signal_interference": {
                "mean": 0.3837706769755253,
                "std": 0.21324348711378477
            },
            "movement_sightings": {
                "mean": 0.4693435846830773,
                "std": 0.1775167956956347
            },
            "debris_density": {
                "mean": 0.5262577978542936,
                "std": 0.275051839389223
            },
            "hazard_gradient": {
                "mean": 0.22750811386458472,
                "std": 0.13050151915750574
            }
        }
    }
}