{
    "metadata": {
        "policy_name": "EvacuationPolicy",
        "experiment_id": "20250303_0921",
        "city_size": 66,
        "run_id": 393
    },
    "performance": {
        "success": false,
        "time_taken": 843.4260636900418,
        "path_length": 128.86915423710866
    },
    "resource_details": {
        "explosives": {
            "allocated": 5,
            "used": 2,
            "efficiency": 0.4
        },
        "ammo": {
            "allocated": 5,
            "used": 3,
            "efficiency": 0.6
        },
        "radiation_suits": {
            "allocated": 5,
            "used": 5,
            "efficiency": 1.0
        }
    },
    "proxy_metrics": {
        "nodes": {
            "seismic_activity": {
                "mean": 0.3539901177642887,
                "std": 0.30995847953352507
            },
            "radiation_readings": {
                "mean": 0.4298695516265659,
                "std": 0.2920248303911372
            },
            "population_density": {
                "mean": 0.16211505284610248,
                "std": 0.15166612750819616
            },
            "emergency_calls": {
                "mean": 0.6769821614531658,
                "std": 0.37503423682341375
            },
            "thermal_readings": {
                "mean": 0.29748357561524014,
                "std": 0.15409189075564733
            },
            "signal_strength": {
                "mean": 0.629397589228005,
                "std": 0.2592692530557808
            },
            "structural_integrity": {
                "mean": 0.6659970761480931,
                "std": 0.30524694511533146
            }
        },
        "edges": {
            "structural_damage": {
                "mean": 0.3970072291027713,
                "std": 0.3792620744031976
            },
            "signal_interference": {
                "mean": 0.3422306661697828,
                "std": 0.23205668941493462
            },
            "movement_sightings": {
                "mean": 0.4330536184050712,
                "std": 0.22649972543378635
            },
            "debris_density": {
                "mean": 0.3953291585927386,
                "std": 0.34153335560577314
            },
            "hazard_gradient": {
                "mean": 0.18289527117381502,
                "std": 0.1415674165716342
            }
        }
    }
}