{
    "metadata": {
        "policy_name": "EvacuationPolicy",
        "experiment_id": "20250303_0921",
        "city_size": 58,
        "run_id": 430
    },
    "performance": {
        "success": true,
        "time_taken": 139.56431376827197,
        "path_length": 44.07357637982207
    },
    "resource_details": {
        "explosives": {
            "allocated": 3,
            "used": 1,
            "efficiency": 0.3333333333333333
        },
        "ammo": {
            "allocated": 3,
            "used": 3,
            "efficiency": 1.0
        },
        "radiation_suits": {
            "allocated": 3,
            "used": 0,
            "efficiency": 0.0
        }
    },
    "proxy_metrics": {
        "nodes": {
            "seismic_activity": {
                "mean": 0.48792583487126495,
                "std": 0.24921450973818116
            },
            "radiation_readings": {
                "mean": 0.2572418419305947,
                "std": 0.3412734671883445
            },
            "population_density": {
                "mean": 0.29438677907310773,
                "std": 0.2193845709118856
            },
            "emergency_calls": {
                "mean": 0.589493370342495,
                "std": 0.3110738226078612
            },
            "thermal_readings": {
                "mean": 0.423617643228746,
                "std": 0.2366732740130326
            },
            "signal_strength": {
                "mean": 0.6282669042365173,
                "std": 0.1754427485346356
            },
            "structural_integrity": {
                "mean": 0.5444794223983079,
                "std": 0.23796655798784047
            }
        },
        "edges": {
            "structural_damage": {
                "mean": 0.5656268115295663,
                "std": 0.35197403974772346
            },
            "signal_interference": {
                "mean": 0.245115730563098,
                "std": 0.20985138283986132
            },
            "movement_sightings": {
                "mean": 0.5177874559016259,
                "std": 0.2761912173778378
            },
            "debris_density": {
                "mean": 0.5276425182513462,
                "std": 0.2959420110836327
            },
            "hazard_gradient": {
                "mean": 0.18324469649580408,
                "std": 0.15011373319512641
            }
        }
    }
}