{
    "metadata": {
        "policy_name": "EvacuationPolicy",
        "experiment_id": "20250303_0921",
        "city_size": 65,
        "run_id": 385
    },
    "performance": {
        "success": false,
        "time_taken": 382.10148214448174,
        "path_length": 57.45824344752132
    },
    "resource_details": {
        "explosives": {
            "allocated": 4,
            "used": 3,
            "efficiency": 0.75
        },
        "ammo": {
            "allocated": 4,
            "used": 3,
            "efficiency": 0.75
        },
        "radiation_suits": {
            "allocated": 4,
            "used": 4,
            "efficiency": 1.0
        }
    },
    "proxy_metrics": {
        "nodes": {
            "seismic_activity": {
                "mean": 0.3635582882838798,
                "std": 0.2756837684554815
            },
            "radiation_readings": {
                "mean": 0.34176132003171933,
                "std": 0.29807670069549835
            },
            "population_density": {
                "mean": 0.19589858000085633,
                "std": 0.15604985576640093
            },
            "emergency_calls": {
                "mean": 0.6961575883392739,
                "std": 0.3138738479941701
            },
            "thermal_readings": {
                "mean": 0.3707076352613833,
                "std": 0.159508848487494
            },
            "signal_strength": {
                "mean": 0.6393329666882798,
                "std": 0.23508289635480173
            },
            "structural_integrity": {
                "mean": 0.6371036677911324,
                "std": 0.2766983273393508
            }
        },
        "edges": {
            "structural_damage": {
                "mean": 0.43326004435659965,
                "std": 0.3470849258056217
            },
            "signal_interference": {
                "mean": 0.3079223289813435,
                "std": 0.2245955225932167
            },
            "movement_sightings": {
                "mean": 0.4869240426487628,
                "std": 0.21620843472681298
            },
            "debris_density": {
                "mean": 0.4338268813329555,
                "std": 0.29285763963668204
            },
            "hazard_gradient": {
                "mean": 0.2075582472204109,
                "std": 0.12670325908468263
            }
        }
    }
}