{
    "metadata": {
        "policy_name": "EvacuationPolicy",
        "experiment_id": "20250303_0921",
        "city_size": 55,
        "run_id": 95
    },
    "performance": {
        "success": false,
        "time_taken": 710.7769942111447,
        "path_length": 156.9485663509101
    },
    "resource_details": {
        "explosives": {
            "allocated": 3,
            "used": 3,
            "efficiency": 1.0
        },
        "ammo": {
            "allocated": 3,
            "used": 3,
            "efficiency": 1.0
        },
        "radiation_suits": {
            "allocated": 3,
            "used": 0,
            "efficiency": 0.0
        }
    },
    "proxy_metrics": {
        "nodes": {
            "seismic_activity": {
                "mean": 0.37608975963715424,
                "std": 0.3013639044755167
            },
            "radiation_readings": {
                "mean": 0.36553335424847594,
                "std": 0.31474686729003354
            },
            "population_density": {
                "mean": 0.23344411083111521,
                "std": 0.1700390418487494
            },
            "emergency_calls": {
                "mean": 0.6479768179666857,
                "std": 0.39444263557184045
            },
            "thermal_readings": {
                "mean": 0.4124944999874071,
                "std": 0.15330601133482347
            },
            "signal_strength": {
                "mean": 0.6445603461967345,
                "std": 0.23920348472524758
            },
            "structural_integrity": {
                "mean": 0.6195905226561269,
                "std": 0.3063524386085783
            }
        },
        "edges": {
            "structural_damage": {
                "mean": 0.49029314004351554,
                "std": 0.3619411521312242
            },
            "signal_interference": {
                "mean": 0.31009674327794745,
                "std": 0.2281496273305403
            },
            "movement_sightings": {
                "mean": 0.5685161966958714,
                "std": 0.24362391230461664
            },
            "debris_density": {
                "mean": 0.49214002580729554,
                "std": 0.30879015774774715
            },
            "hazard_gradient": {
                "mean": 0.1930057911732629,
                "std": 0.13573555268453424
            }
        }
    }
}