{
    "metadata": {
        "policy_name": "EvacuationPolicy",
        "experiment_id": "20250303_0921",
        "city_size": 23,
        "run_id": 402
    },
    "performance": {
        "success": false,
        "time_taken": 325.78124231057876,
        "path_length": 58.99130339448606
    },
    "resource_details": {
        "explosives": {
            "allocated": 3,
            "used": 2,
            "efficiency": 0.6666666666666666
        },
        "ammo": {
            "allocated": 3,
            "used": 3,
            "efficiency": 1.0
        },
        "radiation_suits": {
            "allocated": 3,
            "used": 3,
            "efficiency": 1.0
        }
    },
    "proxy_metrics": {
        "nodes": {
            "seismic_activity": {
                "mean": 0.34324366256611905,
                "std": 0.2966621442101802
            },
            "radiation_readings": {
                "mean": 0.34278775970538045,
                "std": 0.3357257754491408
            },
            "population_density": {
                "mean": 0.3196308780392003,
                "std": 0.1927973238841904
            },
            "emergency_calls": {
                "mean": 0.8065434253104499,
                "std": 0.25791342738361334
            },
            "thermal_readings": {
                "mean": 0.47948987963078593,
                "std": 0.1729342833488091
            },
            "signal_strength": {
                "mean": 0.6570685065851883,
                "std": 0.2913463730671542
            },
            "structural_integrity": {
                "mean": 0.6354998895025834,
                "std": 0.2848061615855223
            }
        },
        "edges": {
            "structural_damage": {
                "mean": 0.43844300887436394,
                "std": 0.3730368882731315
            },
            "signal_interference": {
                "mean": 0.30410578231825314,
                "std": 0.23977138280296265
            },
            "movement_sightings": {
                "mean": 0.6869997168720724,
                "std": 0.173688937665943
            },
            "debris_density": {
                "mean": 0.4367758657836815,
                "std": 0.3163151346431026
            },
            "hazard_gradient": {
                "mean": 0.26005189533880746,
                "std": 0.12514116617786744
            }
        }
    }
}