{
    "metadata": {
        "policy_name": "EvacuationPolicy",
        "experiment_id": "20250303_0921",
        "city_size": 44,
        "run_id": 370
    },
    "performance": {
        "success": false,
        "time_taken": 328.6773916384295,
        "path_length": 78.80799235418765
    },
    "resource_details": {
        "explosives": {
            "allocated": 2,
            "used": 2,
            "efficiency": 1.0
        },
        "ammo": {
            "allocated": 2,
            "used": 2,
            "efficiency": 1.0
        },
        "radiation_suits": {
            "allocated": 2,
            "used": 1,
            "efficiency": 0.5
        }
    },
    "proxy_metrics": {
        "nodes": {
            "seismic_activity": {
                "mean": 0.45030431010699756,
                "std": 0.3119876359405813
            },
            "radiation_readings": {
                "mean": 0.2945907646629845,
                "std": 0.3095443033725285
            },
            "population_density": {
                "mean": 0.2113628068746432,
                "std": 0.16480091728648444
            },
            "emergency_calls": {
                "mean": 0.6517602336334065,
                "std": 0.3364846172805677
            },
            "thermal_readings": {
                "mean": 0.4023095284009967,
                "std": 0.13130679099494144
            },
            "signal_strength": {
                "mean": 0.6264211352626805,
                "std": 0.2703847835304864
            },
            "structural_integrity": {
                "mean": 0.5650293447224767,
                "std": 0.2969343436734998
            }
        },
        "edges": {
            "structural_damage": {
                "mean": 0.5389635819226811,
                "std": 0.376946051438121
            },
            "signal_interference": {
                "mean": 0.27111592960017905,
                "std": 0.21845131250224126
            },
            "movement_sightings": {
                "mean": 0.561519960563004,
                "std": 0.22140754875857752
            },
            "debris_density": {
                "mean": 0.5242730753042935,
                "std": 0.32016917299822467
            },
            "hazard_gradient": {
                "mean": 0.19424862274579668,
                "std": 0.13810415124933398
            }
        }
    }
}