{
    "metadata": {
        "policy_name": "EvacuationPolicy",
        "experiment_id": "20250303_0921",
        "city_size": 20,
        "run_id": 129
    },
    "performance": {
        "success": true,
        "time_taken": 68.27816002596353,
        "path_length": 32.084693320964554
    },
    "resource_details": {
        "explosives": {
            "allocated": 2,
            "used": 0,
            "efficiency": 0.0
        },
        "ammo": {
            "allocated": 2,
            "used": 2,
            "efficiency": 1.0
        },
        "radiation_suits": {
            "allocated": 2,
            "used": 0,
            "efficiency": 0.0
        }
    },
    "proxy_metrics": {
        "nodes": {
            "seismic_activity": {
                "mean": 0.5178767635950698,
                "std": 0.23799192229323105
            },
            "radiation_readings": {
                "mean": 0.3860208706577181,
                "std": 0.33200500074156514
            },
            "population_density": {
                "mean": 0.2830862055090565,
                "std": 0.2227405454850123
            },
            "emergency_calls": {
                "mean": 0.8228087094014296,
                "std": 0.1934100287806309
            },
            "thermal_readings": {
                "mean": 0.40942306318901245,
                "std": 0.20451838522368057
            },
            "signal_strength": {
                "mean": 0.5598575404815629,
                "std": 0.21952202310871016
            },
            "structural_integrity": {
                "mean": 0.4791184592368188,
                "std": 0.24585554744266414
            }
        },
        "edges": {
            "structural_damage": {
                "mean": 0.6058324005200414,
                "std": 0.3470095471401439
            },
            "signal_interference": {
                "mean": 0.3308444709683431,
                "std": 0.2460347542275397
            },
            "movement_sightings": {
                "mean": 0.6617649128762731,
                "std": 0.21086314107306822
            },
            "debris_density": {
                "mean": 0.5994981697080414,
                "std": 0.279828919724308
            },
            "hazard_gradient": {
                "mean": 0.21369068237384076,
                "std": 0.13888586876034748
            }
        }
    }
}