{
    "metadata": {
        "policy_name": "EvacuationPolicy",
        "experiment_id": "20250303_0921",
        "city_size": 30,
        "run_id": 224
    },
    "performance": {
        "success": false,
        "time_taken": 642.6048288862348,
        "path_length": 115.42671028070406
    },
    "resource_details": {
        "explosives": {
            "allocated": 4,
            "used": 1,
            "efficiency": 0.25
        },
        "ammo": {
            "allocated": 4,
            "used": 3,
            "efficiency": 0.75
        },
        "radiation_suits": {
            "allocated": 4,
            "used": 4,
            "efficiency": 1.0
        }
    },
    "proxy_metrics": {
        "nodes": {
            "seismic_activity": {
                "mean": 0.3849656127622526,
                "std": 0.23769029208724163
            },
            "radiation_readings": {
                "mean": 0.38167318002406164,
                "std": 0.2991794629093114
            },
            "population_density": {
                "mean": 0.25169701191210403,
                "std": 0.14117551410306786
            },
            "emergency_calls": {
                "mean": 0.6639233513151197,
                "std": 0.3509467756986716
            },
            "thermal_readings": {
                "mean": 0.42251995314680896,
                "std": 0.15605573452877264
            },
            "signal_strength": {
                "mean": 0.629727913266487,
                "std": 0.22570695851658973
            },
            "structural_integrity": {
                "mean": 0.6207369698622294,
                "std": 0.23328099107607653
            }
        },
        "edges": {
            "structural_damage": {
                "mean": 0.47164762899621104,
                "std": 0.35478951916044
            },
            "signal_interference": {
                "mean": 0.32879023774484506,
                "std": 0.23485521022958522
            },
            "movement_sightings": {
                "mean": 0.48887328309997885,
                "std": 0.17245915071098994
            },
            "debris_density": {
                "mean": 0.4763622348056034,
                "std": 0.2958496717097651
            },
            "hazard_gradient": {
                "mean": 0.23624694648451613,
                "std": 0.1406580997192472
            }
        }
    }
}