{
    "metadata": {
        "policy_name": "EvacuationPolicy",
        "experiment_id": "20250303_0921",
        "city_size": 54,
        "run_id": 89
    },
    "performance": {
        "success": true,
        "time_taken": 174.62618349196967,
        "path_length": 42.29060638180039
    },
    "resource_details": {
        "explosives": {
            "allocated": 4,
            "used": 1,
            "efficiency": 0.25
        },
        "ammo": {
            "allocated": 4,
            "used": 3,
            "efficiency": 0.75
        },
        "radiation_suits": {
            "allocated": 4,
            "used": 2,
            "efficiency": 0.5
        }
    },
    "proxy_metrics": {
        "nodes": {
            "seismic_activity": {
                "mean": 0.2972608528573914,
                "std": 0.22272690839926357
            },
            "radiation_readings": {
                "mean": 0.39717514897586914,
                "std": 0.2782651795442654
            },
            "population_density": {
                "mean": 0.08739771050948517,
                "std": 0.07956465307236481
            },
            "emergency_calls": {
                "mean": 0.7049400860219729,
                "std": 0.3572360324445184
            },
            "thermal_readings": {
                "mean": 0.2073516740993723,
                "std": 0.10735979743143839
            },
            "signal_strength": {
                "mean": 0.6940442607293446,
                "std": 0.17020377905694897
            },
            "structural_integrity": {
                "mean": 0.7224456898039283,
                "std": 0.22678154920783378
            }
        },
        "edges": {
            "structural_damage": {
                "mean": 0.3980268104648814,
                "std": 0.2990651078140816
            },
            "signal_interference": {
                "mean": 0.3395933908517502,
                "std": 0.1909973233249554
            },
            "movement_sightings": {
                "mean": 0.4426749124573825,
                "std": 0.22961246714875652
            },
            "debris_density": {
                "mean": 0.4113219477647982,
                "std": 0.24790145395309574
            },
            "hazard_gradient": {
                "mean": 0.21157151407438293,
                "std": 0.1205321873413285
            }
        }
    }
}