{
    "metadata": {
        "policy_name": "EvacuationPolicy",
        "experiment_id": "20250303_0921",
        "city_size": 49,
        "run_id": 108
    },
    "performance": {
        "success": false,
        "time_taken": 786.3059471041887,
        "path_length": 98.09197568841516
    },
    "resource_details": {
        "explosives": {
            "allocated": 5,
            "used": 4,
            "efficiency": 0.8
        },
        "ammo": {
            "allocated": 5,
            "used": 4,
            "efficiency": 0.8
        },
        "radiation_suits": {
            "allocated": 5,
            "used": 5,
            "efficiency": 1.0
        }
    },
    "proxy_metrics": {
        "nodes": {
            "seismic_activity": {
                "mean": 0.31972537080298535,
                "std": 0.24960534812381452
            },
            "radiation_readings": {
                "mean": 0.33691050578750037,
                "std": 0.2922158516070218
            },
            "population_density": {
                "mean": 0.18810262729034635,
                "std": 0.14771107446990964
            },
            "emergency_calls": {
                "mean": 0.6153443303096725,
                "std": 0.3733414606705911
            },
            "thermal_readings": {
                "mean": 0.33891738516258907,
                "std": 0.16988513072779582
            },
            "signal_strength": {
                "mean": 0.6936104291478367,
                "std": 0.18118986634575432
            },
            "structural_integrity": {
                "mean": 0.69077727365281,
                "std": 0.2417265146201754
            }
        },
        "edges": {
            "structural_damage": {
                "mean": 0.40203987033966504,
                "std": 0.3673701243275248
            },
            "signal_interference": {
                "mean": 0.29798568971744116,
                "std": 0.20843240505587185
            },
            "movement_sightings": {
                "mean": 0.3909229576596477,
                "std": 0.24254109324788245
            },
            "debris_density": {
                "mean": 0.40428389202001314,
                "std": 0.31733798720579115
            },
            "hazard_gradient": {
                "mean": 0.21065366948114422,
                "std": 0.1299299713464633
            }
        }
    }
}