{
    "metadata": {
        "policy_name": "EvacuationPolicy",
        "experiment_id": "20250303_0921",
        "city_size": 23,
        "run_id": 198
    },
    "performance": {
        "success": true,
        "time_taken": 404.73682390659786,
        "path_length": 97.51272572189407
    },
    "resource_details": {
        "explosives": {
            "allocated": 5,
            "used": 1,
            "efficiency": 0.2
        },
        "ammo": {
            "allocated": 5,
            "used": 2,
            "efficiency": 0.4
        },
        "radiation_suits": {
            "allocated": 5,
            "used": 3,
            "efficiency": 0.6
        }
    },
    "proxy_metrics": {
        "nodes": {
            "seismic_activity": {
                "mean": 0.5800633690332464,
                "std": 0.34976958354337245
            },
            "radiation_readings": {
                "mean": 0.3887324362548991,
                "std": 0.3255966783285627
            },
            "population_density": {
                "mean": 0.21940127758209113,
                "std": 0.16713424128633533
            },
            "emergency_calls": {
                "mean": 0.7237461576430996,
                "std": 0.3245392528257686
            },
            "thermal_readings": {
                "mean": 0.41516959051573943,
                "std": 0.1677987385919571
            },
            "signal_strength": {
                "mean": 0.4753918711768025,
                "std": 0.27434303999429605
            },
            "structural_integrity": {
                "mean": 0.4072672030637911,
                "std": 0.35949712839748155
            }
        },
        "edges": {
            "structural_damage": {
                "mean": 0.6103718616666488,
                "std": 0.4128540526682652
            },
            "signal_interference": {
                "mean": 0.348671832707561,
                "std": 0.23841674543038194
            },
            "movement_sightings": {
                "mean": 0.40889668002433965,
                "std": 0.19660000744306635
            },
            "debris_density": {
                "mean": 0.5754596892910882,
                "std": 0.35009706066043506
            },
            "hazard_gradient": {
                "mean": 0.18779789622051413,
                "std": 0.12761986717437804
            }
        }
    }
}