{
    "metadata": {
        "policy_name": "EvacuationPolicy",
        "experiment_id": "20250303_0921",
        "city_size": 56,
        "run_id": 51
    },
    "performance": {
        "success": true,
        "time_taken": 137.2937258486134,
        "path_length": 44.11771324232215
    },
    "resource_details": {
        "explosives": {
            "allocated": 4,
            "used": 0,
            "efficiency": 0.0
        },
        "ammo": {
            "allocated": 4,
            "used": 4,
            "efficiency": 1.0
        },
        "radiation_suits": {
            "allocated": 4,
            "used": 0,
            "efficiency": 0.0
        }
    },
    "proxy_metrics": {
        "nodes": {
            "seismic_activity": {
                "mean": 0.2583057100617689,
                "std": 0.23432533248857726
            },
            "radiation_readings": {
                "mean": 0.3467138231924078,
                "std": 0.3239023723066935
            },
            "population_density": {
                "mean": 0.2623541169123152,
                "std": 0.20021102300548504
            },
            "emergency_calls": {
                "mean": 0.7409898263050118,
                "std": 0.2846300935138268
            },
            "thermal_readings": {
                "mean": 0.4199808468302172,
                "std": 0.20468807814565343
            },
            "signal_strength": {
                "mean": 0.7237028824521323,
                "std": 0.19306387512441298
            },
            "structural_integrity": {
                "mean": 0.7514724100694988,
                "std": 0.2282883496118026
            }
        },
        "edges": {
            "structural_damage": {
                "mean": 0.34455179954601156,
                "std": 0.3187470795820076
            },
            "signal_interference": {
                "mean": 0.2919120604714634,
                "std": 0.21608191004721006
            },
            "movement_sightings": {
                "mean": 0.5867813325595062,
                "std": 0.24633894439263584
            },
            "debris_density": {
                "mean": 0.3706287957564949,
                "std": 0.2763370423441644
            },
            "hazard_gradient": {
                "mean": 0.19857874688489427,
                "std": 0.13290186880491905
            }
        }
    }
}