{
    "metadata": {
        "policy_name": "EvacuationPolicy",
        "experiment_id": "20250303_0921",
        "city_size": 37,
        "run_id": 29
    },
    "performance": {
        "success": true,
        "time_taken": 34.962975035179255,
        "path_length": 16.817895911709936
    },
    "resource_details": {
        "explosives": {
            "allocated": 2,
            "used": 0,
            "efficiency": 0.0
        },
        "ammo": {
            "allocated": 2,
            "used": 0,
            "efficiency": 0.0
        },
        "radiation_suits": {
            "allocated": 2,
            "used": 2,
            "efficiency": 1.0
        }
    },
    "proxy_metrics": {
        "nodes": {
            "seismic_activity": {
                "mean": 0.2914910667548228,
                "std": 0.21179776361102245
            },
            "radiation_readings": {
                "mean": 0.45002198971212115,
                "std": 0.2798169344580649
            },
            "population_density": {
                "mean": 0.08481349170682181,
                "std": 0.10691374332176809
            },
            "emergency_calls": {
                "mean": 0.7458663381817255,
                "std": 0.3072418736548315
            },
            "thermal_readings": {
                "mean": 0.24422569078369435,
                "std": 0.16533045972287436
            },
            "signal_strength": {
                "mean": 0.6786378170624762,
                "std": 0.186277813797607
            },
            "structural_integrity": {
                "mean": 0.7199173888573503,
                "std": 0.20305018562225982
            }
        },
        "edges": {
            "structural_damage": {
                "mean": 0.4130109230079915,
                "std": 0.30958408259045184
            },
            "signal_interference": {
                "mean": 0.34153360049392517,
                "std": 0.19952777364093535
            },
            "movement_sightings": {
                "mean": 0.33422803261144723,
                "std": 0.2612163645181117
            },
            "debris_density": {
                "mean": 0.4391214196445225,
                "std": 0.25753564779794635
            },
            "hazard_gradient": {
                "mean": 0.18472320786975277,
                "std": 0.15048619810656835
            }
        }
    }
}