{
    "metadata": {
        "policy_name": "EvacuationPolicy",
        "experiment_id": "20250303_0921",
        "city_size": 64,
        "run_id": 486
    },
    "performance": {
        "success": true,
        "time_taken": 149.84747468953108,
        "path_length": 33.14835596563274
    },
    "resource_details": {
        "explosives": {
            "allocated": 5,
            "used": 1,
            "efficiency": 0.2
        },
        "ammo": {
            "allocated": 5,
            "used": 2,
            "efficiency": 0.4
        },
        "radiation_suits": {
            "allocated": 5,
            "used": 4,
            "efficiency": 0.8
        }
    },
    "proxy_metrics": {
        "nodes": {
            "seismic_activity": {
                "mean": 0.3677786299571088,
                "std": 0.255356205903293
            },
            "radiation_readings": {
                "mean": 0.3879395543271429,
                "std": 0.3141378232427458
            },
            "population_density": {
                "mean": 0.12809483745137473,
                "std": 0.0997491954133558
            },
            "emergency_calls": {
                "mean": 0.6482684603275624,
                "std": 0.36251677089731665
            },
            "thermal_readings": {
                "mean": 0.2816091577129876,
                "std": 0.1340046140125964
            },
            "signal_strength": {
                "mean": 0.6403337728416345,
                "std": 0.22528904948700534
            },
            "structural_integrity": {
                "mean": 0.6453666487202441,
                "std": 0.23840128999496768
            }
        },
        "edges": {
            "structural_damage": {
                "mean": 0.4489379440180372,
                "std": 0.34608019617146235
            },
            "signal_interference": {
                "mean": 0.31739244173930525,
                "std": 0.2282179144090456
            },
            "movement_sightings": {
                "mean": 0.4306771888276941,
                "std": 0.15905326278964124
            },
            "debris_density": {
                "mean": 0.4536603548602822,
                "std": 0.294469995472961
            },
            "hazard_gradient": {
                "mean": 0.19414311049023772,
                "std": 0.12983168596906142
            }
        }
    }
}