{
    "metadata": {
        "policy_name": "EvacuationPolicy",
        "experiment_id": "20250303_0921",
        "city_size": 31,
        "run_id": 404
    },
    "performance": {
        "success": false,
        "time_taken": 289.88360439390027,
        "path_length": 114.11674219257407
    },
    "resource_details": {
        "explosives": {
            "allocated": 1,
            "used": 0,
            "efficiency": 0.0
        },
        "ammo": {
            "allocated": 1,
            "used": 1,
            "efficiency": 1.0
        },
        "radiation_suits": {
            "allocated": 1,
            "used": 1,
            "efficiency": 1.0
        }
    },
    "proxy_metrics": {
        "nodes": {
            "seismic_activity": {
                "mean": 0.46812658111185657,
                "std": 0.34211313017235695
            },
            "radiation_readings": {
                "mean": 0.3821365584174857,
                "std": 0.287651179037019
            },
            "population_density": {
                "mean": 0.2159605474486493,
                "std": 0.1444488421093569
            },
            "emergency_calls": {
                "mean": 0.5954227185549605,
                "std": 0.41754172975850024
            },
            "thermal_readings": {
                "mean": 0.41553781915272614,
                "std": 0.12141966553100036
            },
            "signal_strength": {
                "mean": 0.5551143432976181,
                "std": 0.3167824720758555
            },
            "structural_integrity": {
                "mean": 0.5245431187983731,
                "std": 0.3338478234942614
            }
        },
        "edges": {
            "structural_damage": {
                "mean": 0.5279749726681909,
                "std": 0.3735545615921716
            },
            "signal_interference": {
                "mean": 0.32922130338126293,
                "std": 0.22481154702150805
            },
            "movement_sightings": {
                "mean": 0.5139212219866163,
                "std": 0.22301007930998926
            },
            "debris_density": {
                "mean": 0.5332236434305513,
                "std": 0.32079372417005714
            },
            "hazard_gradient": {
                "mean": 0.20844321938746932,
                "std": 0.12730673104435888
            }
        }
    }
}