{
    "metadata": {
        "policy_name": "EvacuationPolicy",
        "experiment_id": "20250303_0921",
        "city_size": 47,
        "run_id": 122
    },
    "performance": {
        "success": false,
        "time_taken": 0.0,
        "path_length": 0
    },
    "resource_details": {
        "explosives": {
            "allocated": 3,
            "used": 3,
            "efficiency": 1.0
        },
        "ammo": {
            "allocated": 3,
            "used": 3,
            "efficiency": 1.0
        },
        "radiation_suits": {
            "allocated": 3,
            "used": 3,
            "efficiency": 1.0
        }
    },
    "proxy_metrics": {
        "nodes": {
            "seismic_activity": {
                "mean": 0.3142535908827188,
                "std": 0.2315551477116857
            },
            "radiation_readings": {
                "mean": 0.3154838309189301,
                "std": 0.3230864490326495
            },
            "population_density": {
                "mean": 0.15855520100272477,
                "std": 0.12683106580889
            },
            "emergency_calls": {
                "mean": 0.6742135350506085,
                "std": 0.3373718144508945
            },
            "thermal_readings": {
                "mean": 0.34957173014207,
                "std": 0.13866160939983582
            },
            "signal_strength": {
                "mean": 0.6969696536341317,
                "std": 0.1641672147365969
            },
            "structural_integrity": {
                "mean": 0.6756217470841942,
                "std": 0.21450389787474347
            }
        },
        "edges": {
            "structural_damage": {
                "mean": 0.4302507367821296,
                "std": 0.33427753505673113
            },
            "signal_interference": {
                "mean": 0.28103628608752795,
                "std": 0.22767692014296298
            },
            "movement_sightings": {
                "mean": 0.41081974813146754,
                "std": 0.22317277405142844
            },
            "debris_density": {
                "mean": 0.44260918040860453,
                "std": 0.27630157280308404
            },
            "hazard_gradient": {
                "mean": 0.1686820648279235,
                "std": 0.1335665662520322
            }
        }
    }
}