{
    "metadata": {
        "policy_name": "EvacuationPolicy",
        "experiment_id": "20250303_0921",
        "city_size": 25,
        "run_id": 455
    },
    "performance": {
        "success": false,
        "time_taken": 233.61772615825828,
        "path_length": 87.81078573584078
    },
    "resource_details": {
        "explosives": {
            "allocated": 1,
            "used": 1,
            "efficiency": 1.0
        },
        "ammo": {
            "allocated": 1,
            "used": 0,
            "efficiency": 0.0
        },
        "radiation_suits": {
            "allocated": 1,
            "used": 1,
            "efficiency": 1.0
        }
    },
    "proxy_metrics": {
        "nodes": {
            "seismic_activity": {
                "mean": 0.5412853516659095,
                "std": 0.2879713059049706
            },
            "radiation_readings": {
                "mean": 0.5449890544235528,
                "std": 0.226180919409728
            },
            "population_density": {
                "mean": 0.197155895856358,
                "std": 0.11690895390254685
            },
            "emergency_calls": {
                "mean": 0.8315227363146702,
                "std": 0.24133751518115773
            },
            "thermal_readings": {
                "mean": 0.38173493404847614,
                "std": 0.11117776404362908
            },
            "signal_strength": {
                "mean": 0.4486612465738986,
                "std": 0.234738092696695
            },
            "structural_integrity": {
                "mean": 0.49456894617651687,
                "std": 0.3097371622049763
            }
        },
        "edges": {
            "structural_damage": {
                "mean": 0.6171124556787279,
                "std": 0.31419153775007663
            },
            "signal_interference": {
                "mean": 0.443776258647154,
                "std": 0.20605768962146856
            },
            "movement_sightings": {
                "mean": 0.5099555578983045,
                "std": 0.177757230476108
            },
            "debris_density": {
                "mean": 0.6110187331419648,
                "std": 0.2779215344280093
            },
            "hazard_gradient": {
                "mean": 0.22684554616962893,
                "std": 0.15084113031492172
            }
        }
    }
}