{
    "metadata": {
        "policy_name": "EvacuationPolicy",
        "experiment_id": "20250303_0921",
        "city_size": 36,
        "run_id": 55
    },
    "performance": {
        "success": false,
        "time_taken": 489.91567361911785,
        "path_length": 97.24559680166058
    },
    "resource_details": {
        "explosives": {
            "allocated": 3,
            "used": 2,
            "efficiency": 0.6666666666666666
        },
        "ammo": {
            "allocated": 3,
            "used": 2,
            "efficiency": 0.6666666666666666
        },
        "radiation_suits": {
            "allocated": 3,
            "used": 3,
            "efficiency": 1.0
        }
    },
    "proxy_metrics": {
        "nodes": {
            "seismic_activity": {
                "mean": 0.38162436950711714,
                "std": 0.3262092887672054
            },
            "radiation_readings": {
                "mean": 0.29483856055192764,
                "std": 0.31045968000031887
            },
            "population_density": {
                "mean": 0.14762713203303116,
                "std": 0.08763968888169463
            },
            "emergency_calls": {
                "mean": 0.6990996767789853,
                "std": 0.3041154784331473
            },
            "thermal_readings": {
                "mean": 0.3002121048900431,
                "std": 0.14723536133356
            },
            "signal_strength": {
                "mean": 0.6753709490997868,
                "std": 0.2833166144626327
            },
            "structural_integrity": {
                "mean": 0.6213165084805402,
                "std": 0.3299911734700293
            }
        },
        "edges": {
            "structural_damage": {
                "mean": 0.4787969436954588,
                "std": 0.3593652713128635
            },
            "signal_interference": {
                "mean": 0.27787525508429456,
                "std": 0.25493385279175834
            },
            "movement_sightings": {
                "mean": 0.5024291309691907,
                "std": 0.18618731672443514
            },
            "debris_density": {
                "mean": 0.4515253087720583,
                "std": 0.3291438359429235
            },
            "hazard_gradient": {
                "mean": 0.18239254420115925,
                "std": 0.1294866746870518
            }
        }
    }
}