{
    "metadata": {
        "policy_name": "EvacuationPolicy",
        "experiment_id": "20250303_0921",
        "city_size": 41,
        "run_id": 175
    },
    "performance": {
        "success": false,
        "time_taken": 223.97529926939637,
        "path_length": 89.52282041121323
    },
    "resource_details": {
        "explosives": {
            "allocated": 2,
            "used": 0,
            "efficiency": 0.0
        },
        "ammo": {
            "allocated": 2,
            "used": 2,
            "efficiency": 1.0
        },
        "radiation_suits": {
            "allocated": 2,
            "used": 0,
            "efficiency": 0.0
        }
    },
    "proxy_metrics": {
        "nodes": {
            "seismic_activity": {
                "mean": 0.4144664570864781,
                "std": 0.28893158518213874
            },
            "radiation_readings": {
                "mean": 0.3986790865982292,
                "std": 0.2993672284316703
            },
            "population_density": {
                "mean": 0.33491685638849433,
                "std": 0.19424530018684222
            },
            "emergency_calls": {
                "mean": 0.7966144632009358,
                "std": 0.24275518679849797
            },
            "thermal_readings": {
                "mean": 0.5052687833963173,
                "std": 0.18049310491444034
            },
            "signal_strength": {
                "mean": 0.6050455200599817,
                "std": 0.21210583472830588
            },
            "structural_integrity": {
                "mean": 0.5925541700343688,
                "std": 0.27701998310405684
            }
        },
        "edges": {
            "structural_damage": {
                "mean": 0.525773759184769,
                "std": 0.3770877498252702
            },
            "signal_interference": {
                "mean": 0.3560689236323528,
                "std": 0.22020094866549972
            },
            "movement_sightings": {
                "mean": 0.5639259778038826,
                "std": 0.2554512734178922
            },
            "debris_density": {
                "mean": 0.5248844934972599,
                "std": 0.3184689577415128
            },
            "hazard_gradient": {
                "mean": 0.24248114665488288,
                "std": 0.14102780611061042
            }
        }
    }
}