{
    "metadata": {
        "policy_name": "EvacuationPolicy",
        "experiment_id": "20250303_0921",
        "city_size": 36,
        "run_id": 162
    },
    "performance": {
        "success": false,
        "time_taken": 471.7728911644442,
        "path_length": 128.69858935485198
    },
    "resource_details": {
        "explosives": {
            "allocated": 2,
            "used": 1,
            "efficiency": 0.5
        },
        "ammo": {
            "allocated": 2,
            "used": 2,
            "efficiency": 1.0
        },
        "radiation_suits": {
            "allocated": 2,
            "used": 1,
            "efficiency": 0.5
        }
    },
    "proxy_metrics": {
        "nodes": {
            "seismic_activity": {
                "mean": 0.3410400124278475,
                "std": 0.24890817049697672
            },
            "radiation_readings": {
                "mean": 0.36061484541713784,
                "std": 0.33150778101359435
            },
            "population_density": {
                "mean": 0.2066769813000691,
                "std": 0.18133755931915752
            },
            "emergency_calls": {
                "mean": 0.6894862381856705,
                "std": 0.3053079898901845
            },
            "thermal_readings": {
                "mean": 0.3706709054006322,
                "std": 0.17976580088652885
            },
            "signal_strength": {
                "mean": 0.6713944582294573,
                "std": 0.16340351225558716
            },
            "structural_integrity": {
                "mean": 0.6459945160060958,
                "std": 0.23629987969860727
            }
        },
        "edges": {
            "structural_damage": {
                "mean": 0.4096643911105479,
                "std": 0.3341044205988563
            },
            "signal_interference": {
                "mean": 0.3048231788006001,
                "std": 0.22441402808532135
            },
            "movement_sightings": {
                "mean": 0.433856072584177,
                "std": 0.20051829074439056
            },
            "debris_density": {
                "mean": 0.40980518648144,
                "std": 0.2763382931481695
            },
            "hazard_gradient": {
                "mean": 0.19620488816554973,
                "std": 0.13832198966479695
            }
        }
    }
}