{
    "metadata": {
        "policy_name": "EvacuationPolicy",
        "experiment_id": "20250303_0921",
        "city_size": 59,
        "run_id": 384
    },
    "performance": {
        "success": false,
        "time_taken": 0.0,
        "path_length": 0
    },
    "resource_details": {
        "explosives": {
            "allocated": 4,
            "used": 4,
            "efficiency": 1.0
        },
        "ammo": {
            "allocated": 4,
            "used": 4,
            "efficiency": 1.0
        },
        "radiation_suits": {
            "allocated": 4,
            "used": 4,
            "efficiency": 1.0
        }
    },
    "proxy_metrics": {
        "nodes": {
            "seismic_activity": {
                "mean": 0.27920127049140475,
                "std": 0.207579205546658
            },
            "radiation_readings": {
                "mean": 0.3834716187368369,
                "std": 0.3194653369435474
            },
            "population_density": {
                "mean": 0.09803799704959536,
                "std": 0.09487770245486726
            },
            "emergency_calls": {
                "mean": 0.650628326310754,
                "std": 0.3484617871474676
            },
            "thermal_readings": {
                "mean": 0.250259147346074,
                "std": 0.0957141238408125
            },
            "signal_strength": {
                "mean": 0.7208036650947374,
                "std": 0.14702673123464644
            },
            "structural_integrity": {
                "mean": 0.7353075699228138,
                "std": 0.20111901997519346
            }
        },
        "edges": {
            "structural_damage": {
                "mean": 0.4067588612310815,
                "std": 0.3231006285305105
            },
            "signal_interference": {
                "mean": 0.3080597206493069,
                "std": 0.20995674139035314
            },
            "movement_sightings": {
                "mean": 0.35289198196634824,
                "std": 0.17169456116612494
            },
            "debris_density": {
                "mean": 0.4153118128054588,
                "std": 0.2639586767497117
            },
            "hazard_gradient": {
                "mean": 0.1779946833269353,
                "std": 0.12854691054236578
            }
        }
    }
}