{
    "metadata": {
        "policy_name": "EvacuationPolicy",
        "experiment_id": "20250303_0921",
        "city_size": 51,
        "run_id": 17
    },
    "performance": {
        "success": true,
        "time_taken": 23.46665599422819,
        "path_length": 9.18100669320573
    },
    "resource_details": {
        "explosives": {
            "allocated": 3,
            "used": 0,
            "efficiency": 0.0
        },
        "ammo": {
            "allocated": 3,
            "used": 1,
            "efficiency": 0.3333333333333333
        },
        "radiation_suits": {
            "allocated": 3,
            "used": 2,
            "efficiency": 0.6666666666666666
        }
    },
    "proxy_metrics": {
        "nodes": {
            "seismic_activity": {
                "mean": 0.25009492782573894,
                "std": 0.2750083492555717
            },
            "radiation_readings": {
                "mean": 0.3832349029393319,
                "std": 0.3115672183803269
            },
            "population_density": {
                "mean": 0.09693097899858952,
                "std": 0.10845696807874848
            },
            "emergency_calls": {
                "mean": 0.6952261178362565,
                "std": 0.3580834648525916
            },
            "thermal_readings": {
                "mean": 0.22356485320442002,
                "std": 0.16560683141748314
            },
            "signal_strength": {
                "mean": 0.7015854870953269,
                "std": 0.2511499417881477
            },
            "structural_integrity": {
                "mean": 0.7607268992820228,
                "std": 0.292708235660673
            }
        },
        "edges": {
            "structural_damage": {
                "mean": 0.26793744842815165,
                "std": 0.34906245621650345
            },
            "signal_interference": {
                "mean": 0.2724336391448652,
                "std": 0.23232260090133236
            },
            "movement_sightings": {
                "mean": 0.3718647508976996,
                "std": 0.21531086944584626
            },
            "debris_density": {
                "mean": 0.28105308396744916,
                "std": 0.31210007647679433
            },
            "hazard_gradient": {
                "mean": 0.16655693439424005,
                "std": 0.12531950232781003
            }
        }
    }
}