{
    "metadata": {
        "policy_name": "EvacuationPolicy",
        "experiment_id": "20250303_0921",
        "city_size": 37,
        "run_id": 124
    },
    "performance": {
        "success": true,
        "time_taken": 69.96914849635233,
        "path_length": 22.8115093839947
    },
    "resource_details": {
        "explosives": {
            "allocated": 4,
            "used": 0,
            "efficiency": 0.0
        },
        "ammo": {
            "allocated": 4,
            "used": 2,
            "efficiency": 0.5
        },
        "radiation_suits": {
            "allocated": 4,
            "used": 2,
            "efficiency": 0.5
        }
    },
    "proxy_metrics": {
        "nodes": {
            "seismic_activity": {
                "mean": 0.545432629286247,
                "std": 0.3181556840876926
            },
            "radiation_readings": {
                "mean": 0.47600335339817706,
                "std": 0.2944857017395006
            },
            "population_density": {
                "mean": 0.17410520065190513,
                "std": 0.13167171408195247
            },
            "emergency_calls": {
                "mean": 0.709041650151855,
                "std": 0.3428867526594457
            },
            "thermal_readings": {
                "mean": 0.33736260412150554,
                "std": 0.12843361171008075
            },
            "signal_strength": {
                "mean": 0.48258552712511804,
                "std": 0.24730617865400648
            },
            "structural_integrity": {
                "mean": 0.46995591885271815,
                "std": 0.3132468825006688
            }
        },
        "edges": {
            "structural_damage": {
                "mean": 0.6017399829048867,
                "std": 0.3781607442170819
            },
            "signal_interference": {
                "mean": 0.4061564499533882,
                "std": 0.21711854034644582
            },
            "movement_sightings": {
                "mean": 0.4876337750569236,
                "std": 0.20531312713466376
            },
            "debris_density": {
                "mean": 0.5913876554776483,
                "std": 0.3188602096393711
            },
            "hazard_gradient": {
                "mean": 0.20484490841181233,
                "std": 0.13394033865079522
            }
        }
    }
}