{
    "metadata": {
        "policy_name": "EvacuationPolicy",
        "experiment_id": "20250303_0921",
        "city_size": 62,
        "run_id": 405
    },
    "performance": {
        "success": true,
        "time_taken": 245.41685689760507,
        "path_length": 40.058502154087584
    },
    "resource_details": {
        "explosives": {
            "allocated": 4,
            "used": 3,
            "efficiency": 0.75
        },
        "ammo": {
            "allocated": 4,
            "used": 4,
            "efficiency": 1.0
        },
        "radiation_suits": {
            "allocated": 4,
            "used": 3,
            "efficiency": 0.75
        }
    },
    "proxy_metrics": {
        "nodes": {
            "seismic_activity": {
                "mean": 0.2682045615244939,
                "std": 0.2482310903108909
            },
            "radiation_readings": {
                "mean": 0.4180392540694306,
                "std": 0.31071626469866137
            },
            "population_density": {
                "mean": 0.16848760732970974,
                "std": 0.16575924007322715
            },
            "emergency_calls": {
                "mean": 0.6913736978955416,
                "std": 0.34637002796193617
            },
            "thermal_readings": {
                "mean": 0.3207404857961041,
                "std": 0.16998173485364362
            },
            "signal_strength": {
                "mean": 0.6921106101108777,
                "std": 0.1692185035379255
            },
            "structural_integrity": {
                "mean": 0.7464689502529467,
                "std": 0.24597231851193643
            }
        },
        "edges": {
            "structural_damage": {
                "mean": 0.33723909171572825,
                "std": 0.3101077086758071
            },
            "signal_interference": {
                "mean": 0.31218125830912075,
                "std": 0.20080989852933406
            },
            "movement_sightings": {
                "mean": 0.46069782661267683,
                "std": 0.2350112616863251
            },
            "debris_density": {
                "mean": 0.3537714266376508,
                "std": 0.2546062405250001
            },
            "hazard_gradient": {
                "mean": 0.21063636575921701,
                "std": 0.13815554289391688
            }
        }
    }
}