{
    "metadata": {
        "policy_name": "EvacuationPolicy",
        "experiment_id": "20250303_0921",
        "city_size": 45,
        "run_id": 369
    },
    "performance": {
        "success": false,
        "time_taken": 998.62147817619,
        "path_length": 133.10383881062498
    },
    "resource_details": {
        "explosives": {
            "allocated": 5,
            "used": 3,
            "efficiency": 0.6
        },
        "ammo": {
            "allocated": 5,
            "used": 4,
            "efficiency": 0.8
        },
        "radiation_suits": {
            "allocated": 5,
            "used": 5,
            "efficiency": 1.0
        }
    },
    "proxy_metrics": {
        "nodes": {
            "seismic_activity": {
                "mean": 0.4061702598871939,
                "std": 0.30788617696932846
            },
            "radiation_readings": {
                "mean": 0.421972571044143,
                "std": 0.2877058304965815
            },
            "population_density": {
                "mean": 0.3267223872134321,
                "std": 0.20535377743140637
            },
            "emergency_calls": {
                "mean": 0.7477782939690858,
                "std": 0.314297048473651
            },
            "thermal_readings": {
                "mean": 0.4819768636947368,
                "std": 0.1919561627824503
            },
            "signal_strength": {
                "mean": 0.5794211226513384,
                "std": 0.22631041975604013
            },
            "structural_integrity": {
                "mean": 0.5947424949239947,
                "std": 0.30609923434285197
            }
        },
        "edges": {
            "structural_damage": {
                "mean": 0.4728533510782899,
                "std": 0.38427654809788186
            },
            "signal_interference": {
                "mean": 0.3555605453804536,
                "std": 0.2184966874776811
            },
            "movement_sightings": {
                "mean": 0.6020387533296331,
                "std": 0.2260818036715681
            },
            "debris_density": {
                "mean": 0.47107037572318006,
                "std": 0.33254504435413484
            },
            "hazard_gradient": {
                "mean": 0.22807771066466861,
                "std": 0.12561137655245516
            }
        }
    }
}