{
    "metadata": {
        "policy_name": "EvacuationPolicy",
        "experiment_id": "20250303_0921",
        "city_size": 51,
        "run_id": 386
    },
    "performance": {
        "success": false,
        "time_taken": 443.1944480062378,
        "path_length": 107.07488646789322
    },
    "resource_details": {
        "explosives": {
            "allocated": 2,
            "used": 1,
            "efficiency": 0.5
        },
        "ammo": {
            "allocated": 2,
            "used": 2,
            "efficiency": 1.0
        },
        "radiation_suits": {
            "allocated": 2,
            "used": 2,
            "efficiency": 1.0
        }
    },
    "proxy_metrics": {
        "nodes": {
            "seismic_activity": {
                "mean": 0.5458326051067238,
                "std": 0.27656896608649434
            },
            "radiation_readings": {
                "mean": 0.4201812828493791,
                "std": 0.30476044576508543
            },
            "population_density": {
                "mean": 0.21279525308167238,
                "std": 0.1821203412269897
            },
            "emergency_calls": {
                "mean": 0.7531531555399306,
                "std": 0.29723465530990384
            },
            "thermal_readings": {
                "mean": 0.3805122705385337,
                "std": 0.18138888401074338
            },
            "signal_strength": {
                "mean": 0.5130697778260225,
                "std": 0.2330976832963514
            },
            "structural_integrity": {
                "mean": 0.46420575757990495,
                "std": 0.2833731490816314
            }
        },
        "edges": {
            "structural_damage": {
                "mean": 0.5901735031525701,
                "std": 0.34510111288860323
            },
            "signal_interference": {
                "mean": 0.36043793426499987,
                "std": 0.22615226620331513
            },
            "movement_sightings": {
                "mean": 0.5519349275649695,
                "std": 0.184238333127415
            },
            "debris_density": {
                "mean": 0.5815226344184308,
                "std": 0.2982164266121665
            },
            "hazard_gradient": {
                "mean": 0.19365119862814173,
                "std": 0.1440082312033412
            }
        }
    }
}