{
    "metadata": {
        "policy_name": "EvacuationPolicy",
        "experiment_id": "20250303_0921",
        "city_size": 38,
        "run_id": 289
    },
    "performance": {
        "success": false,
        "time_taken": 659.8735545681512,
        "path_length": 98.58448526690965
    },
    "resource_details": {
        "explosives": {
            "allocated": 4,
            "used": 2,
            "efficiency": 0.5
        },
        "ammo": {
            "allocated": 4,
            "used": 4,
            "efficiency": 1.0
        },
        "radiation_suits": {
            "allocated": 4,
            "used": 4,
            "efficiency": 1.0
        }
    },
    "proxy_metrics": {
        "nodes": {
            "seismic_activity": {
                "mean": 0.4444817557709178,
                "std": 0.29958160900434605
            },
            "radiation_readings": {
                "mean": 0.35336938992035466,
                "std": 0.31390639981827756
            },
            "population_density": {
                "mean": 0.2646169249338267,
                "std": 0.23301637056803126
            },
            "emergency_calls": {
                "mean": 0.5788774508689127,
                "std": 0.3946470172286192
            },
            "thermal_readings": {
                "mean": 0.4288707060225477,
                "std": 0.2204325252692777
            },
            "signal_strength": {
                "mean": 0.5880240156438251,
                "std": 0.287268360399934
            },
            "structural_integrity": {
                "mean": 0.5806648739273655,
                "std": 0.30746415223824874
            }
        },
        "edges": {
            "structural_damage": {
                "mean": 0.5141368453802683,
                "std": 0.3957923604521112
            },
            "signal_interference": {
                "mean": 0.3323537828162816,
                "std": 0.2352326412503206
            },
            "movement_sightings": {
                "mean": 0.5214264259719098,
                "std": 0.302283783795176
            },
            "debris_density": {
                "mean": 0.5051815669688011,
                "std": 0.34326482273425823
            },
            "hazard_gradient": {
                "mean": 0.21508613468851923,
                "std": 0.1515270002392975
            }
        }
    }
}