{
    "metadata": {
        "policy_name": "EvacuationPolicy",
        "experiment_id": "20250303_0921",
        "city_size": 51,
        "run_id": 443
    },
    "performance": {
        "success": true,
        "time_taken": 102.67976319416218,
        "path_length": 29.067729569888783
    },
    "resource_details": {
        "explosives": {
            "allocated": 3,
            "used": 0,
            "efficiency": 0.0
        },
        "ammo": {
            "allocated": 3,
            "used": 2,
            "efficiency": 0.6666666666666666
        },
        "radiation_suits": {
            "allocated": 3,
            "used": 3,
            "efficiency": 1.0
        }
    },
    "proxy_metrics": {
        "nodes": {
            "seismic_activity": {
                "mean": 0.2565773352552833,
                "std": 0.2474923779644689
            },
            "radiation_readings": {
                "mean": 0.3345159068136502,
                "std": 0.32877289207273397
            },
            "population_density": {
                "mean": 0.14175736075678133,
                "std": 0.12261985996310902
            },
            "emergency_calls": {
                "mean": 0.5563737483790347,
                "std": 0.3971855867798852
            },
            "thermal_readings": {
                "mean": 0.30843081218862023,
                "std": 0.14629161375171518
            },
            "signal_strength": {
                "mean": 0.7196352098956446,
                "std": 0.246748551082721
            },
            "structural_integrity": {
                "mean": 0.7512562390658367,
                "std": 0.23758272360289975
            }
        },
        "edges": {
            "structural_damage": {
                "mean": 0.344809609970914,
                "std": 0.3615008666490531
            },
            "signal_interference": {
                "mean": 0.2867276056432272,
                "std": 0.23606053590113468
            },
            "movement_sightings": {
                "mean": 0.4376712985866522,
                "std": 0.18709001963679647
            },
            "debris_density": {
                "mean": 0.34605516116301327,
                "std": 0.32169992273404835
            },
            "hazard_gradient": {
                "mean": 0.195925165564823,
                "std": 0.1309096171362169
            }
        }
    }
}