{
    "metadata": {
        "policy_name": "EvacuationPolicy",
        "experiment_id": "20250303_0921",
        "city_size": 34,
        "run_id": 331
    },
    "performance": {
        "success": false,
        "time_taken": 316.1076518115359,
        "path_length": 99.75053944537017
    },
    "resource_details": {
        "explosives": {
            "allocated": 2,
            "used": 0,
            "efficiency": 0.0
        },
        "ammo": {
            "allocated": 2,
            "used": 1,
            "efficiency": 0.5
        },
        "radiation_suits": {
            "allocated": 2,
            "used": 2,
            "efficiency": 1.0
        }
    },
    "proxy_metrics": {
        "nodes": {
            "seismic_activity": {
                "mean": 0.372830823868227,
                "std": 0.30451552470597415
            },
            "radiation_readings": {
                "mean": 0.5282872376561754,
                "std": 0.22809505400216187
            },
            "population_density": {
                "mean": 0.2374535088416939,
                "std": 0.1768190646289719
            },
            "emergency_calls": {
                "mean": 0.8381070354786071,
                "std": 0.21169874852592305
            },
            "thermal_readings": {
                "mean": 0.37400274806841555,
                "std": 0.1818729622399945
            },
            "signal_strength": {
                "mean": 0.5697856179485947,
                "std": 0.2536673906335344
            },
            "structural_integrity": {
                "mean": 0.6426329237630501,
                "std": 0.30071287384681084
            }
        },
        "edges": {
            "structural_damage": {
                "mean": 0.43352058286910694,
                "std": 0.3805599757175028
            },
            "signal_interference": {
                "mean": 0.41104875961289816,
                "std": 0.20520523647647135
            },
            "movement_sightings": {
                "mean": 0.5062775150085229,
                "std": 0.235005469544314
            },
            "debris_density": {
                "mean": 0.45665088950646926,
                "std": 0.3372582160323388
            },
            "hazard_gradient": {
                "mean": 0.25541479768475334,
                "std": 0.13650665122213956
            }
        }
    }
}