{
    "metadata": {
        "policy_name": "EvacuationPolicy",
        "experiment_id": "20250303_0921",
        "city_size": 61,
        "run_id": 437
    },
    "performance": {
        "success": false,
        "time_taken": 446.2570544607866,
        "path_length": 73.84624816812456
    },
    "resource_details": {
        "explosives": {
            "allocated": 4,
            "used": 2,
            "efficiency": 0.5
        },
        "ammo": {
            "allocated": 4,
            "used": 3,
            "efficiency": 0.75
        },
        "radiation_suits": {
            "allocated": 4,
            "used": 4,
            "efficiency": 1.0
        }
    },
    "proxy_metrics": {
        "nodes": {
            "seismic_activity": {
                "mean": 0.38813397336588823,
                "std": 0.22724226292978042
            },
            "radiation_readings": {
                "mean": 0.4722526430048491,
                "std": 0.25166210147953944
            },
            "population_density": {
                "mean": 0.15768277223852326,
                "std": 0.1597278939629834
            },
            "emergency_calls": {
                "mean": 0.741005923275922,
                "std": 0.3095293516711484
            },
            "thermal_readings": {
                "mean": 0.2846835886476759,
                "std": 0.17084450224481773
            },
            "signal_strength": {
                "mean": 0.5953946716119181,
                "std": 0.17973801276695103
            },
            "structural_integrity": {
                "mean": 0.6350815914190006,
                "std": 0.23149190067170028
            }
        },
        "edges": {
            "structural_damage": {
                "mean": 0.46394593136529755,
                "std": 0.3400390960524142
            },
            "signal_interference": {
                "mean": 0.4019445925738741,
                "std": 0.18796392499593084
            },
            "movement_sightings": {
                "mean": 0.4179501592702374,
                "std": 0.21031900328184056
            },
            "debris_density": {
                "mean": 0.4685337181875317,
                "std": 0.29482559028532146
            },
            "hazard_gradient": {
                "mean": 0.2392279854783561,
                "std": 0.1390802815723244
            }
        }
    }
}