{
    "metadata": {
        "policy_name": "EvacuationPolicy",
        "experiment_id": "20250303_0921",
        "city_size": 60,
        "run_id": 451
    },
    "performance": {
        "success": true,
        "time_taken": 60.86740097451847,
        "path_length": 14.883745748251616
    },
    "resource_details": {
        "explosives": {
            "allocated": 4,
            "used": 1,
            "efficiency": 0.25
        },
        "ammo": {
            "allocated": 4,
            "used": 2,
            "efficiency": 0.5
        },
        "radiation_suits": {
            "allocated": 4,
            "used": 3,
            "efficiency": 0.75
        }
    },
    "proxy_metrics": {
        "nodes": {
            "seismic_activity": {
                "mean": 0.408388996083456,
                "std": 0.2441795600272648
            },
            "radiation_readings": {
                "mean": 0.41994201183614366,
                "std": 0.26183370142185697
            },
            "population_density": {
                "mean": 0.16988135190755924,
                "std": 0.1314257914267398
            },
            "emergency_calls": {
                "mean": 0.7141220993059726,
                "std": 0.3433406967299101
            },
            "thermal_readings": {
                "mean": 0.32053531916912104,
                "std": 0.15991472676666582
            },
            "signal_strength": {
                "mean": 0.6062141128706435,
                "std": 0.21212422209472845
            },
            "structural_integrity": {
                "mean": 0.6104392892655182,
                "std": 0.24069664335291768
            }
        },
        "edges": {
            "structural_damage": {
                "mean": 0.46194383290052315,
                "std": 0.35380837432474593
            },
            "signal_interference": {
                "mean": 0.36186378169440947,
                "std": 0.20807464394053538
            },
            "movement_sightings": {
                "mean": 0.427844227633707,
                "std": 0.18165505826216677
            },
            "debris_density": {
                "mean": 0.46480295624695084,
                "std": 0.29487110646936454
            },
            "hazard_gradient": {
                "mean": 0.2276561053017531,
                "std": 0.13840990009508744
            }
        }
    }
}