{
    "metadata": {
        "policy_name": "EvacuationPolicy",
        "experiment_id": "20250303_0921",
        "city_size": 26,
        "run_id": 103
    },
    "performance": {
        "success": false,
        "time_taken": 230.08755508060537,
        "path_length": 54.99008975136875
    },
    "resource_details": {
        "explosives": {
            "allocated": 2,
            "used": 2,
            "efficiency": 1.0
        },
        "ammo": {
            "allocated": 2,
            "used": 1,
            "efficiency": 0.5
        },
        "radiation_suits": {
            "allocated": 2,
            "used": 2,
            "efficiency": 1.0
        }
    },
    "proxy_metrics": {
        "nodes": {
            "seismic_activity": {
                "mean": 0.4099086004663149,
                "std": 0.28108505864413863
            },
            "radiation_readings": {
                "mean": 0.4967539608812198,
                "std": 0.2780857739187759
            },
            "population_density": {
                "mean": 0.25760826453960345,
                "std": 0.14681950354961512
            },
            "emergency_calls": {
                "mean": 0.8646772152864233,
                "std": 0.12416918355001538
            },
            "thermal_readings": {
                "mean": 0.44028749742044176,
                "std": 0.14937977957908743
            },
            "signal_strength": {
                "mean": 0.5483076066880647,
                "std": 0.195079016708319
            },
            "structural_integrity": {
                "mean": 0.6155987596519966,
                "std": 0.27987709914780856
            }
        },
        "edges": {
            "structural_damage": {
                "mean": 0.5184045741838619,
                "std": 0.36413371747496404
            },
            "signal_interference": {
                "mean": 0.3972716948091465,
                "std": 0.17324727224211697
            },
            "movement_sightings": {
                "mean": 0.6534961359364515,
                "std": 0.20386454701594403
            },
            "debris_density": {
                "mean": 0.5256358422894544,
                "std": 0.30452644654239647
            },
            "hazard_gradient": {
                "mean": 0.22191312576232183,
                "std": 0.14149867299915828
            }
        }
    }
}