{
    "metadata": {
        "policy_name": "EvacuationPolicy",
        "experiment_id": "20250303_0921",
        "city_size": 53,
        "run_id": 497
    },
    "performance": {
        "success": false,
        "time_taken": 137.88268793044278,
        "path_length": 33.004901151434055
    },
    "resource_details": {
        "explosives": {
            "allocated": 3,
            "used": 0,
            "efficiency": 0.0
        },
        "ammo": {
            "allocated": 3,
            "used": 2,
            "efficiency": 0.6666666666666666
        },
        "radiation_suits": {
            "allocated": 3,
            "used": 3,
            "efficiency": 1.0
        }
    },
    "proxy_metrics": {
        "nodes": {
            "seismic_activity": {
                "mean": 0.25996084687931,
                "std": 0.26705374372615953
            },
            "radiation_readings": {
                "mean": 0.3560208119751228,
                "std": 0.2919796282561866
            },
            "population_density": {
                "mean": 0.17176421142462134,
                "std": 0.15165446058189677
            },
            "emergency_calls": {
                "mean": 0.6389807775107891,
                "std": 0.38009574501661847
            },
            "thermal_readings": {
                "mean": 0.31298057010875596,
                "std": 0.14854679837201348
            },
            "signal_strength": {
                "mean": 0.7055906641106245,
                "std": 0.21693278625131646
            },
            "structural_integrity": {
                "mean": 0.7479206581238181,
                "std": 0.25150879390881253
            }
        },
        "edges": {
            "structural_damage": {
                "mean": 0.35136175465786446,
                "std": 0.35740674713078424
            },
            "signal_interference": {
                "mean": 0.31059234409199465,
                "std": 0.22922842971342924
            },
            "movement_sightings": {
                "mean": 0.4474124168310445,
                "std": 0.24415231428107206
            },
            "debris_density": {
                "mean": 0.3744606608763197,
                "std": 0.31985007553193534
            },
            "hazard_gradient": {
                "mean": 0.19672998470606218,
                "std": 0.1382174274968216
            }
        }
    }
}