{
    "metadata": {
        "policy_name": "EvacuationPolicy",
        "experiment_id": "20250303_0921",
        "city_size": 40,
        "run_id": 290
    },
    "performance": {
        "success": false,
        "time_taken": 0.0,
        "path_length": 0
    },
    "resource_details": {
        "explosives": {
            "allocated": 4,
            "used": 4,
            "efficiency": 1.0
        },
        "ammo": {
            "allocated": 4,
            "used": 4,
            "efficiency": 1.0
        },
        "radiation_suits": {
            "allocated": 4,
            "used": 4,
            "efficiency": 1.0
        }
    },
    "proxy_metrics": {
        "nodes": {
            "seismic_activity": {
                "mean": 0.24698945487247698,
                "std": 0.1969668507899603
            },
            "radiation_readings": {
                "mean": 0.5682433614380397,
                "std": 0.21337315818464125
            },
            "population_density": {
                "mean": 0.14352317549843585,
                "std": 0.10605092152411576
            },
            "emergency_calls": {
                "mean": 0.8387827795557328,
                "std": 0.23247048954759672
            },
            "thermal_readings": {
                "mean": 0.31568239252887453,
                "std": 0.16612847151445795
            },
            "signal_strength": {
                "mean": 0.6354682246837036,
                "std": 0.15996841100070258
            },
            "structural_integrity": {
                "mean": 0.7592837936710761,
                "std": 0.1929105974602393
            }
        },
        "edges": {
            "structural_damage": {
                "mean": 0.3842029056791021,
                "std": 0.33417699130572986
            },
            "signal_interference": {
                "mean": 0.41117039320213333,
                "std": 0.18021967550776102
            },
            "movement_sightings": {
                "mean": 0.35867890013831427,
                "std": 0.18140159755082902
            },
            "debris_density": {
                "mean": 0.42502132427604594,
                "std": 0.28737033183396843
            },
            "hazard_gradient": {
                "mean": 0.22277033273404234,
                "std": 0.13342818984765092
            }
        }
    }
}