{
    "metadata": {
        "policy_name": "EvacuationPolicy",
        "experiment_id": "20250303_0921",
        "city_size": 67,
        "run_id": 6
    },
    "performance": {
        "success": true,
        "time_taken": 231.62082290839768,
        "path_length": 37.58457354465198
    },
    "resource_details": {
        "explosives": {
            "allocated": 5,
            "used": 2,
            "efficiency": 0.4
        },
        "ammo": {
            "allocated": 5,
            "used": 5,
            "efficiency": 1.0
        },
        "radiation_suits": {
            "allocated": 5,
            "used": 3,
            "efficiency": 0.6
        }
    },
    "proxy_metrics": {
        "nodes": {
            "seismic_activity": {
                "mean": 0.29592444995615647,
                "std": 0.25715648747933867
            },
            "radiation_readings": {
                "mean": 0.4290045695178703,
                "std": 0.2681572412897234
            },
            "population_density": {
                "mean": 0.22753151611206301,
                "std": 0.17588321328900014
            },
            "emergency_calls": {
                "mean": 0.7762480451933639,
                "std": 0.2898083063327754
            },
            "thermal_readings": {
                "mean": 0.4114977294524496,
                "std": 0.2056117384660097
            },
            "signal_strength": {
                "mean": 0.6579146009240695,
                "std": 0.1835532239005668
            },
            "structural_integrity": {
                "mean": 0.7277768324244824,
                "std": 0.2500215186155442
            }
        },
        "edges": {
            "structural_damage": {
                "mean": 0.3742906498534152,
                "std": 0.3396878209769728
            },
            "signal_interference": {
                "mean": 0.35441766942878744,
                "std": 0.17899437958202052
            },
            "movement_sightings": {
                "mean": 0.4444604180407276,
                "std": 0.23995026732563107
            },
            "debris_density": {
                "mean": 0.38908687981398055,
                "std": 0.28481140818364803
            },
            "hazard_gradient": {
                "mean": 0.2286922043330132,
                "std": 0.1347876583370554
            }
        }
    }
}