{
    "metadata": {
        "policy_name": "EvacuationPolicy",
        "experiment_id": "20250303_0921",
        "city_size": 69,
        "run_id": 436
    },
    "performance": {
        "success": true,
        "time_taken": 34.949972116249285,
        "path_length": 16.18266174918358
    },
    "resource_details": {
        "explosives": {
            "allocated": 4,
            "used": 0,
            "efficiency": 0.0
        },
        "ammo": {
            "allocated": 4,
            "used": 0,
            "efficiency": 0.0
        },
        "radiation_suits": {
            "allocated": 4,
            "used": 2,
            "efficiency": 0.5
        }
    },
    "proxy_metrics": {
        "nodes": {
            "seismic_activity": {
                "mean": 0.23295716304379485,
                "std": 0.20935956180118598
            },
            "radiation_readings": {
                "mean": 0.28179311624930076,
                "std": 0.32761973758210716
            },
            "population_density": {
                "mean": 0.06836847161109574,
                "std": 0.07848065397916223
            },
            "emergency_calls": {
                "mean": 0.512849795160038,
                "std": 0.4028317453856166
            },
            "thermal_readings": {
                "mean": 0.24610244347266108,
                "std": 0.10413235829973823
            },
            "signal_strength": {
                "mean": 0.76434310778508,
                "std": 0.18877401670830263
            },
            "structural_integrity": {
                "mean": 0.7786168342208266,
                "std": 0.19529224774692097
            }
        },
        "edges": {
            "structural_damage": {
                "mean": 0.34758758586652144,
                "std": 0.30815954651445043
            },
            "signal_interference": {
                "mean": 0.23118029245532706,
                "std": 0.22684879003436886
            },
            "movement_sightings": {
                "mean": 0.32004685278038286,
                "std": 0.2160126019765298
            },
            "debris_density": {
                "mean": 0.35188666692395015,
                "std": 0.2557829657458468
            },
            "hazard_gradient": {
                "mean": 0.13661730425444987,
                "std": 0.12388828643784953
            }
        }
    }
}