{
    "metadata": {
        "policy_name": "EvacuationPolicy",
        "experiment_id": "20250303_0921",
        "city_size": 56,
        "run_id": 164
    },
    "performance": {
        "success": true,
        "time_taken": 469.80523415966684,
        "path_length": 71.76885921413648
    },
    "resource_details": {
        "explosives": {
            "allocated": 5,
            "used": 4,
            "efficiency": 0.8
        },
        "ammo": {
            "allocated": 5,
            "used": 3,
            "efficiency": 0.6
        },
        "radiation_suits": {
            "allocated": 5,
            "used": 4,
            "efficiency": 0.8
        }
    },
    "proxy_metrics": {
        "nodes": {
            "seismic_activity": {
                "mean": 0.3682961136352538,
                "std": 0.2720440923946045
            },
            "radiation_readings": {
                "mean": 0.4538689913539425,
                "std": 0.2760255515423416
            },
            "population_density": {
                "mean": 0.08312875424216741,
                "std": 0.0906516217540718
            },
            "emergency_calls": {
                "mean": 0.756476909123265,
                "std": 0.2954473518034318
            },
            "thermal_readings": {
                "mean": 0.2729955425621924,
                "std": 0.16998427543868053
            },
            "signal_strength": {
                "mean": 0.6116241617420545,
                "std": 0.17726875887779472
            },
            "structural_integrity": {
                "mean": 0.6519474733910334,
                "std": 0.25916565482966725
            }
        },
        "edges": {
            "structural_damage": {
                "mean": 0.4392238050731298,
                "std": 0.31251528668649203
            },
            "signal_interference": {
                "mean": 0.37066739641404944,
                "std": 0.20393618665330107
            },
            "movement_sightings": {
                "mean": 0.3342064317110926,
                "std": 0.17620417974591737
            },
            "debris_density": {
                "mean": 0.4526219085883234,
                "std": 0.2657956197578648
            },
            "hazard_gradient": {
                "mean": 0.20187095468171032,
                "std": 0.13845110136216482
            }
        }
    }
}