{
    "metadata": {
        "policy_name": "EvacuationPolicy",
        "experiment_id": "20250303_0921",
        "city_size": 54,
        "run_id": 326
    },
    "performance": {
        "success": false,
        "time_taken": 1000.5025877760734,
        "path_length": 131.66269131473774
    },
    "resource_details": {
        "explosives": {
            "allocated": 4,
            "used": 4,
            "efficiency": 1.0
        },
        "ammo": {
            "allocated": 4,
            "used": 4,
            "efficiency": 1.0
        },
        "radiation_suits": {
            "allocated": 4,
            "used": 4,
            "efficiency": 1.0
        }
    },
    "proxy_metrics": {
        "nodes": {
            "seismic_activity": {
                "mean": 0.4244961823445849,
                "std": 0.2511223093106179
            },
            "radiation_readings": {
                "mean": 0.3521540263045421,
                "std": 0.332895556298517
            },
            "population_density": {
                "mean": 0.22512307562343606,
                "std": 0.12035239523792725
            },
            "emergency_calls": {
                "mean": 0.7229163075115059,
                "std": 0.27488073926772766
            },
            "thermal_readings": {
                "mean": 0.37442577494720664,
                "std": 0.15999221840632297
            },
            "signal_strength": {
                "mean": 0.6197869010328177,
                "std": 0.23698567378122312
            },
            "structural_integrity": {
                "mean": 0.5576122733804589,
                "std": 0.24698438396981248
            }
        },
        "edges": {
            "structural_damage": {
                "mean": 0.5075684465229898,
                "std": 0.33865411703194415
            },
            "signal_interference": {
                "mean": 0.3105828003714617,
                "std": 0.22816115474032805
            },
            "movement_sightings": {
                "mean": 0.5681987946485354,
                "std": 0.18925057227910508
            },
            "debris_density": {
                "mean": 0.49891009608331943,
                "std": 0.29382578770415335
            },
            "hazard_gradient": {
                "mean": 0.19073510401060348,
                "std": 0.13091555086375936
            }
        }
    }
}