{
    "metadata": {
        "policy_name": "EvacuationPolicy",
        "experiment_id": "20250303_0921",
        "city_size": 70,
        "run_id": 391
    },
    "performance": {
        "success": true,
        "time_taken": 105.09629899416373,
        "path_length": 25.50329038612378
    },
    "resource_details": {
        "explosives": {
            "allocated": 4,
            "used": 1,
            "efficiency": 0.25
        },
        "ammo": {
            "allocated": 4,
            "used": 2,
            "efficiency": 0.5
        },
        "radiation_suits": {
            "allocated": 4,
            "used": 3,
            "efficiency": 0.75
        }
    },
    "proxy_metrics": {
        "nodes": {
            "seismic_activity": {
                "mean": 0.27972784636477754,
                "std": 0.2254234701497482
            },
            "radiation_readings": {
                "mean": 0.40260807264351245,
                "std": 0.2851469530218722
            },
            "population_density": {
                "mean": 0.2518904978308821,
                "std": 0.19248599914886685
            },
            "emergency_calls": {
                "mean": 0.7306086818692274,
                "std": 0.32202872201530025
            },
            "thermal_readings": {
                "mean": 0.42454914189172527,
                "std": 0.17802945424294966
            },
            "signal_strength": {
                "mean": 0.6829953253050048,
                "std": 0.15778172455338452
            },
            "structural_integrity": {
                "mean": 0.7277666372707828,
                "std": 0.2227185706614133
            }
        },
        "edges": {
            "structural_damage": {
                "mean": 0.3998734253449681,
                "std": 0.3290098309103654
            },
            "signal_interference": {
                "mean": 0.3365561420620964,
                "std": 0.19017345302036875
            },
            "movement_sightings": {
                "mean": 0.4856170246641121,
                "std": 0.2715627287606661
            },
            "debris_density": {
                "mean": 0.4163776891846642,
                "std": 0.276989941980588
            },
            "hazard_gradient": {
                "mean": 0.21504349171601764,
                "std": 0.13836612435139814
            }
        }
    }
}