{
    "metadata": {
        "policy_name": "EvacuationPolicy",
        "experiment_id": "20250303_0921",
        "city_size": 63,
        "run_id": 469
    },
    "performance": {
        "success": false,
        "time_taken": 674.3789730470471,
        "path_length": 95.34115615653235
    },
    "resource_details": {
        "explosives": {
            "allocated": 5,
            "used": 5,
            "efficiency": 1.0
        },
        "ammo": {
            "allocated": 5,
            "used": 3,
            "efficiency": 0.6
        },
        "radiation_suits": {
            "allocated": 5,
            "used": 3,
            "efficiency": 0.6
        }
    },
    "proxy_metrics": {
        "nodes": {
            "seismic_activity": {
                "mean": 0.43792727889008976,
                "std": 0.3488982422177326
            },
            "radiation_readings": {
                "mean": 0.2759869154594966,
                "std": 0.33073084694302646
            },
            "population_density": {
                "mean": 0.12541351642765508,
                "std": 0.10857701701522822
            },
            "emergency_calls": {
                "mean": 0.6031591863993296,
                "std": 0.35284660420202413
            },
            "thermal_readings": {
                "mean": 0.29717643896769036,
                "std": 0.11682931500481424
            },
            "signal_strength": {
                "mean": 0.6342958727194463,
                "std": 0.2809985494713751
            },
            "structural_integrity": {
                "mean": 0.5646982584811966,
                "std": 0.3470013431508802
            }
        },
        "edges": {
            "structural_damage": {
                "mean": 0.49938128731221626,
                "std": 0.39555003806472505
            },
            "signal_interference": {
                "mean": 0.2723228922398451,
                "std": 0.22982691844958553
            },
            "movement_sightings": {
                "mean": 0.3666815840417475,
                "std": 0.2287340441026843
            },
            "debris_density": {
                "mean": 0.47949697125281615,
                "std": 0.3554498715695895
            },
            "hazard_gradient": {
                "mean": 0.15498318225268448,
                "std": 0.127828819180641
            }
        }
    }
}