{
    "metadata": {
        "policy_name": "EvacuationPolicy",
        "experiment_id": "20250303_0921",
        "city_size": 52,
        "run_id": 195
    },
    "performance": {
        "success": false,
        "time_taken": 371.03347711369497,
        "path_length": 45.967491344383404
    },
    "resource_details": {
        "explosives": {
            "allocated": 5,
            "used": 3,
            "efficiency": 0.6
        },
        "ammo": {
            "allocated": 5,
            "used": 5,
            "efficiency": 1.0
        },
        "radiation_suits": {
            "allocated": 5,
            "used": 5,
            "efficiency": 1.0
        }
    },
    "proxy_metrics": {
        "nodes": {
            "seismic_activity": {
                "mean": 0.37598947761542145,
                "std": 0.2819366669467951
            },
            "radiation_readings": {
                "mean": 0.35084216862542955,
                "std": 0.31397260259687365
            },
            "population_density": {
                "mean": 0.1419621748188355,
                "std": 0.11201230230922601
            },
            "emergency_calls": {
                "mean": 0.5982816966534912,
                "std": 0.37863168624947335
            },
            "thermal_readings": {
                "mean": 0.29588649114741983,
                "std": 0.15662448795466916
            },
            "signal_strength": {
                "mean": 0.6379510255153853,
                "std": 0.2554004304529624
            },
            "structural_integrity": {
                "mean": 0.6101777954485234,
                "std": 0.30287685528577746
            }
        },
        "edges": {
            "structural_damage": {
                "mean": 0.4755652749048949,
                "std": 0.35229584931280034
            },
            "signal_interference": {
                "mean": 0.3104576558199808,
                "std": 0.22692729093151345
            },
            "movement_sightings": {
                "mean": 0.45706730151108566,
                "std": 0.24924507515919683
            },
            "debris_density": {
                "mean": 0.4665227907763835,
                "std": 0.311874080129684
            },
            "hazard_gradient": {
                "mean": 0.1821236911744314,
                "std": 0.14318983573469848
            }
        }
    }
}