{
    "metadata": {
        "policy_name": "EvacuationPolicy",
        "experiment_id": "20250303_0921",
        "city_size": 56,
        "run_id": 411
    },
    "performance": {
        "success": false,
        "time_taken": 388.0792216577915,
        "path_length": 59.30386061354716
    },
    "resource_details": {
        "explosives": {
            "allocated": 4,
            "used": 3,
            "efficiency": 0.75
        },
        "ammo": {
            "allocated": 4,
            "used": 3,
            "efficiency": 0.75
        },
        "radiation_suits": {
            "allocated": 4,
            "used": 4,
            "efficiency": 1.0
        }
    },
    "proxy_metrics": {
        "nodes": {
            "seismic_activity": {
                "mean": 0.3317675117064742,
                "std": 0.31626984947896325
            },
            "radiation_readings": {
                "mean": 0.5172716113383847,
                "std": 0.2618504054296492
            },
            "population_density": {
                "mean": 0.2619130180368189,
                "std": 0.17732824100426828
            },
            "emergency_calls": {
                "mean": 0.7852664192959711,
                "std": 0.25127227610449293
            },
            "thermal_readings": {
                "mean": 0.42109941411047963,
                "std": 0.18270102745327882
            },
            "signal_strength": {
                "mean": 0.5934646377957753,
                "std": 0.23987544975767547
            },
            "structural_integrity": {
                "mean": 0.6546662722799151,
                "std": 0.3061239878655548
            }
        },
        "edges": {
            "structural_damage": {
                "mean": 0.3725572410122947,
                "std": 0.3539887127014916
            },
            "signal_interference": {
                "mean": 0.3912369167597299,
                "std": 0.20125603273044426
            },
            "movement_sightings": {
                "mean": 0.5115176207707194,
                "std": 0.24272602127971452
            },
            "debris_density": {
                "mean": 0.388815251278703,
                "std": 0.3080288998668338
            },
            "hazard_gradient": {
                "mean": 0.24034536061747233,
                "std": 0.1314081062333019
            }
        }
    }
}