{
    "metadata": {
        "policy_name": "EvacuationPolicy",
        "experiment_id": "20250303_0921",
        "city_size": 20,
        "run_id": 133
    },
    "performance": {
        "success": false,
        "time_taken": 625.4207161935874,
        "path_length": 149.6258867453971
    },
    "resource_details": {
        "explosives": {
            "allocated": 2,
            "used": 2,
            "efficiency": 1.0
        },
        "ammo": {
            "allocated": 2,
            "used": 1,
            "efficiency": 0.5
        },
        "radiation_suits": {
            "allocated": 2,
            "used": 2,
            "efficiency": 1.0
        }
    },
    "proxy_metrics": {
        "nodes": {
            "seismic_activity": {
                "mean": 0.4515624514926408,
                "std": 0.34819326159095476
            },
            "radiation_readings": {
                "mean": 0.4888474265537086,
                "std": 0.22239878465714827
            },
            "population_density": {
                "mean": 0.247798499696167,
                "std": 0.12872694536247142
            },
            "emergency_calls": {
                "mean": 0.8633703360116597,
                "std": 0.20498968066180576
            },
            "thermal_readings": {
                "mean": 0.3943823195763946,
                "std": 0.08091576098727128
            },
            "signal_strength": {
                "mean": 0.5275535481907672,
                "std": 0.21856365774536488
            },
            "structural_integrity": {
                "mean": 0.5399391919637058,
                "std": 0.35970168430923016
            }
        },
        "edges": {
            "structural_damage": {
                "mean": 0.5051619834201918,
                "std": 0.3688848619289401
            },
            "signal_interference": {
                "mean": 0.4121634878138974,
                "std": 0.1760522722637428
            },
            "movement_sightings": {
                "mean": 0.48400917473183563,
                "std": 0.20148473790394764
            },
            "debris_density": {
                "mean": 0.5208423888366109,
                "std": 0.3073216061941486
            },
            "hazard_gradient": {
                "mean": 0.24354139886962783,
                "std": 0.13211483380295008
            }
        }
    }
}