{
    "metadata": {
        "policy_name": "EvacuationPolicy",
        "experiment_id": "20250303_0921",
        "city_size": 60,
        "run_id": 313
    },
    "performance": {
        "success": false,
        "time_taken": 288.97421749763646,
        "path_length": 52.15382924933349
    },
    "resource_details": {
        "explosives": {
            "allocated": 3,
            "used": 2,
            "efficiency": 0.6666666666666666
        },
        "ammo": {
            "allocated": 3,
            "used": 3,
            "efficiency": 1.0
        },
        "radiation_suits": {
            "allocated": 3,
            "used": 3,
            "efficiency": 1.0
        }
    },
    "proxy_metrics": {
        "nodes": {
            "seismic_activity": {
                "mean": 0.43578406762738153,
                "std": 0.317971951992287
            },
            "radiation_readings": {
                "mean": 0.41541973261602083,
                "std": 0.3194844163575461
            },
            "population_density": {
                "mean": 0.2279039282586321,
                "std": 0.1692446591424363
            },
            "emergency_calls": {
                "mean": 0.7552094917283674,
                "std": 0.2718905701478865
            },
            "thermal_readings": {
                "mean": 0.4226810058522588,
                "std": 0.17622876634193504
            },
            "signal_strength": {
                "mean": 0.5835539404890177,
                "std": 0.22663553374930928
            },
            "structural_integrity": {
                "mean": 0.5615181685399059,
                "std": 0.3210064789957849
            }
        },
        "edges": {
            "structural_damage": {
                "mean": 0.4943980238129967,
                "std": 0.3610303853483725
            },
            "signal_interference": {
                "mean": 0.35091974823029615,
                "std": 0.22620077112780249
            },
            "movement_sightings": {
                "mean": 0.5069662138084087,
                "std": 0.2454329047948148
            },
            "debris_density": {
                "mean": 0.48513983315862597,
                "std": 0.3085072317393137
            },
            "hazard_gradient": {
                "mean": 0.22157898276354668,
                "std": 0.1406048815186656
            }
        }
    }
}