{
    "metadata": {
        "policy_name": "EvacuationPolicy",
        "experiment_id": "20250303_0921",
        "city_size": 67,
        "run_id": 490
    },
    "performance": {
        "success": false,
        "time_taken": 543.4372241129608,
        "path_length": 178.6976543104233
    },
    "resource_details": {
        "explosives": {
            "allocated": 2,
            "used": 2,
            "efficiency": 1.0
        },
        "ammo": {
            "allocated": 2,
            "used": 1,
            "efficiency": 0.5
        },
        "radiation_suits": {
            "allocated": 2,
            "used": 0,
            "efficiency": 0.0
        }
    },
    "proxy_metrics": {
        "nodes": {
            "seismic_activity": {
                "mean": 0.46182831571226113,
                "std": 0.29985915102398236
            },
            "radiation_readings": {
                "mean": 0.40712801064223314,
                "std": 0.28890375831382975
            },
            "population_density": {
                "mean": 0.2424406301340991,
                "std": 0.2053274257761059
            },
            "emergency_calls": {
                "mean": 0.7568224148622319,
                "std": 0.27182469049948466
            },
            "thermal_readings": {
                "mean": 0.4195840804349425,
                "std": 0.19955217964105665
            },
            "signal_strength": {
                "mean": 0.5565595882534077,
                "std": 0.21199696708777266
            },
            "structural_integrity": {
                "mean": 0.5372192417249363,
                "std": 0.3020551600347004
            }
        },
        "edges": {
            "structural_damage": {
                "mean": 0.5508260411841552,
                "std": 0.35706520109573303
            },
            "signal_interference": {
                "mean": 0.3521607095630405,
                "std": 0.1996703353739936
            },
            "movement_sightings": {
                "mean": 0.5038023775417385,
                "std": 0.29577592558967286
            },
            "debris_density": {
                "mean": 0.5566372374797107,
                "std": 0.29838524461470023
            },
            "hazard_gradient": {
                "mean": 0.20210416929311312,
                "std": 0.1364451953677464
            }
        }
    }
}