{
    "metadata": {
        "policy_name": "EvacuationPolicy",
        "experiment_id": "20250303_0921",
        "city_size": 21,
        "run_id": 32
    },
    "performance": {
        "success": true,
        "time_taken": 20.739919317153298,
        "path_length": 10.35520925873294
    },
    "resource_details": {
        "explosives": {
            "allocated": 3,
            "used": 0,
            "efficiency": 0.0
        },
        "ammo": {
            "allocated": 3,
            "used": 0,
            "efficiency": 0.0
        },
        "radiation_suits": {
            "allocated": 3,
            "used": 2,
            "efficiency": 0.6666666666666666
        }
    },
    "proxy_metrics": {
        "nodes": {
            "seismic_activity": {
                "mean": 0.36847504174309126,
                "std": 0.258822589008184
            },
            "radiation_readings": {
                "mean": 0.4105334753226241,
                "std": 0.276733542194763
            },
            "population_density": {
                "mean": 0.20711901277263425,
                "std": 0.135764240845867
            },
            "emergency_calls": {
                "mean": 0.6429311484379985,
                "std": 0.39328522767639434
            },
            "thermal_readings": {
                "mean": 0.343527591596004,
                "std": 0.11796148730353616
            },
            "signal_strength": {
                "mean": 0.6161923025415187,
                "std": 0.24537819598061927
            },
            "structural_integrity": {
                "mean": 0.6205371170276309,
                "std": 0.2732153623613698
            }
        },
        "edges": {
            "structural_damage": {
                "mean": 0.5332246500012998,
                "std": 0.3421449515749478
            },
            "signal_interference": {
                "mean": 0.3516060816197995,
                "std": 0.2293456187682129
            },
            "movement_sightings": {
                "mean": 0.3920480608528585,
                "std": 0.231240314450683
            },
            "debris_density": {
                "mean": 0.554231154207143,
                "std": 0.3025255863644406
            },
            "hazard_gradient": {
                "mean": 0.23778249716141708,
                "std": 0.12121275729906565
            }
        }
    }
}