{
    "metadata": {
        "policy_name": "EvacuationPolicy",
        "experiment_id": "20250303_0921",
        "city_size": 64,
        "run_id": 304
    },
    "performance": {
        "success": false,
        "time_taken": 0.0,
        "path_length": 0
    },
    "resource_details": {
        "explosives": {
            "allocated": 5,
            "used": 5,
            "efficiency": 1.0
        },
        "ammo": {
            "allocated": 5,
            "used": 5,
            "efficiency": 1.0
        },
        "radiation_suits": {
            "allocated": 5,
            "used": 5,
            "efficiency": 1.0
        }
    },
    "proxy_metrics": {
        "nodes": {
            "seismic_activity": {
                "mean": 0.21250807417332546,
                "std": 0.18882391019573438
            },
            "radiation_readings": {
                "mean": 0.2689812891958308,
                "std": 0.32582980291759994
            },
            "population_density": {
                "mean": 0.11252229299385404,
                "std": 0.11452224666843529
            },
            "emergency_calls": {
                "mean": 0.3916717952659903,
                "std": 0.41617268316197
            },
            "thermal_readings": {
                "mean": 0.25734676797677525,
                "std": 0.1631025834377264
            },
            "signal_strength": {
                "mean": 0.8026109559683239,
                "std": 0.16595457668913102
            },
            "structural_integrity": {
                "mean": 0.8099607744330868,
                "std": 0.17983746232728604
            }
        },
        "edges": {
            "structural_damage": {
                "mean": 0.306330401532781,
                "std": 0.29443475974397537
            },
            "signal_interference": {
                "mean": 0.2128649544091036,
                "std": 0.21291851715073903
            },
            "movement_sightings": {
                "mean": 0.3910393645202743,
                "std": 0.2313883746816661
            },
            "debris_density": {
                "mean": 0.29994384085141873,
                "std": 0.24984756232665953
            },
            "hazard_gradient": {
                "mean": 0.12893488162807595,
                "std": 0.1230133128451476
            }
        }
    }
}