{
    "metadata": {
        "policy_name": "EvacuationPolicy",
        "experiment_id": "20250303_0921",
        "city_size": 45,
        "run_id": 433
    },
    "performance": {
        "success": false,
        "time_taken": 385.8662600440248,
        "path_length": 84.58493594229657
    },
    "resource_details": {
        "explosives": {
            "allocated": 3,
            "used": 2,
            "efficiency": 0.6666666666666666
        },
        "ammo": {
            "allocated": 3,
            "used": 1,
            "efficiency": 0.3333333333333333
        },
        "radiation_suits": {
            "allocated": 3,
            "used": 3,
            "efficiency": 1.0
        }
    },
    "proxy_metrics": {
        "nodes": {
            "seismic_activity": {
                "mean": 0.4922440380171022,
                "std": 0.30760298646198003
            },
            "radiation_readings": {
                "mean": 0.4118680515202276,
                "std": 0.3144089537992985
            },
            "population_density": {
                "mean": 0.2533005572493191,
                "std": 0.1977289996043624
            },
            "emergency_calls": {
                "mean": 0.6904648893324803,
                "std": 0.3594304822680423
            },
            "thermal_readings": {
                "mean": 0.42039906419759787,
                "std": 0.18604515631825908
            },
            "signal_strength": {
                "mean": 0.5460709307719015,
                "std": 0.30781915858519693
            },
            "structural_integrity": {
                "mean": 0.5069888599435889,
                "std": 0.3118235425328161
            }
        },
        "edges": {
            "structural_damage": {
                "mean": 0.5744422169436662,
                "std": 0.3822689533052305
            },
            "signal_interference": {
                "mean": 0.3666573739151593,
                "std": 0.2527928657066294
            },
            "movement_sightings": {
                "mean": 0.5500126194450933,
                "std": 0.20843219949031985
            },
            "debris_density": {
                "mean": 0.5633135982818648,
                "std": 0.34835742214595267
            },
            "hazard_gradient": {
                "mean": 0.23363820482714137,
                "std": 0.14573519360794052
            }
        }
    }
}