{
    "metadata": {
        "policy_name": "EvacuationPolicy",
        "experiment_id": "20250303_0921",
        "city_size": 38,
        "run_id": 31
    },
    "performance": {
        "success": false,
        "time_taken": 585.0557740167387,
        "path_length": 95.29211863789273
    },
    "resource_details": {
        "explosives": {
            "allocated": 4,
            "used": 1,
            "efficiency": 0.25
        },
        "ammo": {
            "allocated": 4,
            "used": 4,
            "efficiency": 1.0
        },
        "radiation_suits": {
            "allocated": 4,
            "used": 4,
            "efficiency": 1.0
        }
    },
    "proxy_metrics": {
        "nodes": {
            "seismic_activity": {
                "mean": 0.3181112250131435,
                "std": 0.2942959626634793
            },
            "radiation_readings": {
                "mean": 0.4012449274808551,
                "std": 0.31334511521704644
            },
            "population_density": {
                "mean": 0.2886014679519447,
                "std": 0.14463232843800397
            },
            "emergency_calls": {
                "mean": 0.712633967695858,
                "std": 0.3497134147609246
            },
            "thermal_readings": {
                "mean": 0.46453484641633114,
                "std": 0.1274076915998254
            },
            "signal_strength": {
                "mean": 0.666097479271787,
                "std": 0.25016997653710543
            },
            "structural_integrity": {
                "mean": 0.6813642687147826,
                "std": 0.2749318693998908
            }
        },
        "edges": {
            "structural_damage": {
                "mean": 0.46269929744963784,
                "std": 0.36850731051201113
            },
            "signal_interference": {
                "mean": 0.325257863271461,
                "std": 0.23672761826385524
            },
            "movement_sightings": {
                "mean": 0.5135556375343207,
                "std": 0.1967629093754372
            },
            "debris_density": {
                "mean": 0.4504055038685333,
                "std": 0.2963329299875065
            },
            "hazard_gradient": {
                "mean": 0.21490074652091978,
                "std": 0.14225115267215183
            }
        }
    }
}