{
    "metadata": {
        "policy_name": "EvacuationPolicy",
        "experiment_id": "20250303_0921",
        "city_size": 56,
        "run_id": 305
    },
    "performance": {
        "success": false,
        "time_taken": 858.8549178611282,
        "path_length": 131.5604035921359
    },
    "resource_details": {
        "explosives": {
            "allocated": 4,
            "used": 4,
            "efficiency": 1.0
        },
        "ammo": {
            "allocated": 4,
            "used": 4,
            "efficiency": 1.0
        },
        "radiation_suits": {
            "allocated": 4,
            "used": 2,
            "efficiency": 0.5
        }
    },
    "proxy_metrics": {
        "nodes": {
            "seismic_activity": {
                "mean": 0.5405567485333148,
                "std": 0.2967730787349307
            },
            "radiation_readings": {
                "mean": 0.3702280818792368,
                "std": 0.30815323394648675
            },
            "population_density": {
                "mean": 0.2771728493102458,
                "std": 0.16611008819868595
            },
            "emergency_calls": {
                "mean": 0.7413181873532185,
                "std": 0.2869610349318157
            },
            "thermal_readings": {
                "mean": 0.435025884284478,
                "std": 0.18769340146102587
            },
            "signal_strength": {
                "mean": 0.5417446288711356,
                "std": 0.24773240487883214
            },
            "structural_integrity": {
                "mean": 0.4729427111650316,
                "std": 0.2889191392514441
            }
        },
        "edges": {
            "structural_damage": {
                "mean": 0.5757891685800101,
                "std": 0.3599929412606914
            },
            "signal_interference": {
                "mean": 0.3568281518449196,
                "std": 0.22679851628375888
            },
            "movement_sightings": {
                "mean": 0.5332330894713332,
                "std": 0.23461130659524365
            },
            "debris_density": {
                "mean": 0.5553249852440787,
                "std": 0.3159293730150709
            },
            "hazard_gradient": {
                "mean": 0.22694026935914,
                "std": 0.1231444856208533
            }
        }
    }
}