{
    "metadata": {
        "policy_name": "EvacuationPolicy",
        "experiment_id": "20250303_0921",
        "city_size": 48,
        "run_id": 301
    },
    "performance": {
        "success": false,
        "time_taken": 614.939438376513,
        "path_length": 75.25826887338452
    },
    "resource_details": {
        "explosives": {
            "allocated": 5,
            "used": 3,
            "efficiency": 0.6
        },
        "ammo": {
            "allocated": 5,
            "used": 5,
            "efficiency": 1.0
        },
        "radiation_suits": {
            "allocated": 5,
            "used": 5,
            "efficiency": 1.0
        }
    },
    "proxy_metrics": {
        "nodes": {
            "seismic_activity": {
                "mean": 0.45888380229682196,
                "std": 0.232023439487441
            },
            "radiation_readings": {
                "mean": 0.39800912461303106,
                "std": 0.29521653238336093
            },
            "population_density": {
                "mean": 0.23691392637956454,
                "std": 0.15155672819268398
            },
            "emergency_calls": {
                "mean": 0.7299268761903873,
                "std": 0.3097426426171674
            },
            "thermal_readings": {
                "mean": 0.3989665794357135,
                "std": 0.16702695599357392
            },
            "signal_strength": {
                "mean": 0.567242924389576,
                "std": 0.1828556646031557
            },
            "structural_integrity": {
                "mean": 0.5577252631223509,
                "std": 0.23640774195410505
            }
        },
        "edges": {
            "structural_damage": {
                "mean": 0.5433790999951744,
                "std": 0.3187311542509303
            },
            "signal_interference": {
                "mean": 0.36821386999462336,
                "std": 0.21552913055363462
            },
            "movement_sightings": {
                "mean": 0.5405895422948956,
                "std": 0.1966753298742146
            },
            "debris_density": {
                "mean": 0.5295330272457724,
                "std": 0.25403577044416986
            },
            "hazard_gradient": {
                "mean": 0.23599413718423057,
                "std": 0.13663454943209563
            }
        }
    }
}