{
    "metadata": {
        "policy_name": "EvacuationPolicy",
        "experiment_id": "20250303_0921",
        "city_size": 43,
        "run_id": 248
    },
    "performance": {
        "success": true,
        "time_taken": 231.93950952496118,
        "path_length": 56.74376853781114
    },
    "resource_details": {
        "explosives": {
            "allocated": 4,
            "used": 1,
            "efficiency": 0.25
        },
        "ammo": {
            "allocated": 4,
            "used": 4,
            "efficiency": 1.0
        },
        "radiation_suits": {
            "allocated": 4,
            "used": 1,
            "efficiency": 0.25
        }
    },
    "proxy_metrics": {
        "nodes": {
            "seismic_activity": {
                "mean": 0.27215579445340493,
                "std": 0.21949299816979223
            },
            "radiation_readings": {
                "mean": 0.3499470868671428,
                "std": 0.30453241401115816
            },
            "population_density": {
                "mean": 0.22247501897964078,
                "std": 0.19498893080930318
            },
            "emergency_calls": {
                "mean": 0.6310566846708386,
                "std": 0.383762449995916
            },
            "thermal_readings": {
                "mean": 0.4076566893142863,
                "std": 0.17338962763064072
            },
            "signal_strength": {
                "mean": 0.7072042272836713,
                "std": 0.174138952337246
            },
            "structural_integrity": {
                "mean": 0.7275825346606651,
                "std": 0.18928825555628034
            }
        },
        "edges": {
            "structural_damage": {
                "mean": 0.41729115427032026,
                "std": 0.3363995112751635
            },
            "signal_interference": {
                "mean": 0.29050444582022594,
                "std": 0.19730976496942115
            },
            "movement_sightings": {
                "mean": 0.45425542045628664,
                "std": 0.2626585866966915
            },
            "debris_density": {
                "mean": 0.4195782680073731,
                "std": 0.27991139860310155
            },
            "hazard_gradient": {
                "mean": 0.22154581452866137,
                "std": 0.1436056466053777
            }
        }
    }
}