{
    "metadata": {
        "policy_name": "EvacuationPolicy",
        "experiment_id": "20250303_0921",
        "city_size": 52,
        "run_id": 65
    },
    "performance": {
        "success": false,
        "time_taken": 265.91181877126184,
        "path_length": 53.03960526806281
    },
    "resource_details": {
        "explosives": {
            "allocated": 3,
            "used": 2,
            "efficiency": 0.6666666666666666
        },
        "ammo": {
            "allocated": 3,
            "used": 2,
            "efficiency": 0.6666666666666666
        },
        "radiation_suits": {
            "allocated": 3,
            "used": 3,
            "efficiency": 1.0
        }
    },
    "proxy_metrics": {
        "nodes": {
            "seismic_activity": {
                "mean": 0.4778255597835205,
                "std": 0.27694535008827276
            },
            "radiation_readings": {
                "mean": 0.35143103279843524,
                "std": 0.2907783317365281
            },
            "population_density": {
                "mean": 0.16925596542870838,
                "std": 0.16289108477356867
            },
            "emergency_calls": {
                "mean": 0.738798079382389,
                "std": 0.279891093251432
            },
            "thermal_readings": {
                "mean": 0.36309178908558515,
                "std": 0.13960042435352443
            },
            "signal_strength": {
                "mean": 0.5811297048953207,
                "std": 0.20188539315464887
            },
            "structural_integrity": {
                "mean": 0.5258575070356024,
                "std": 0.27630848782186945
            }
        },
        "edges": {
            "structural_damage": {
                "mean": 0.5777339912961792,
                "std": 0.3455821868064737
            },
            "signal_interference": {
                "mean": 0.3390215998203974,
                "std": 0.2109795080186684
            },
            "movement_sightings": {
                "mean": 0.46581047653322283,
                "std": 0.22272220734387912
            },
            "debris_density": {
                "mean": 0.568051856611836,
                "std": 0.2920518885988742
            },
            "hazard_gradient": {
                "mean": 0.20736936479535906,
                "std": 0.14332832957091876
            }
        }
    }
}