{
    "metadata": {
        "policy_name": "EvacuationPolicy",
        "experiment_id": "20250303_0921",
        "city_size": 37,
        "run_id": 341
    },
    "performance": {
        "success": false,
        "time_taken": 550.9933184290746,
        "path_length": 83.26981363680471
    },
    "resource_details": {
        "explosives": {
            "allocated": 4,
            "used": 2,
            "efficiency": 0.5
        },
        "ammo": {
            "allocated": 4,
            "used": 4,
            "efficiency": 1.0
        },
        "radiation_suits": {
            "allocated": 4,
            "used": 4,
            "efficiency": 1.0
        }
    },
    "proxy_metrics": {
        "nodes": {
            "seismic_activity": {
                "mean": 0.5159829460601937,
                "std": 0.2836754372753384
            },
            "radiation_readings": {
                "mean": 0.46078111325847887,
                "std": 0.2827910127424944
            },
            "population_density": {
                "mean": 0.19675796158819708,
                "std": 0.13533606054737635
            },
            "emergency_calls": {
                "mean": 0.7917026613884266,
                "std": 0.24818412708709778
            },
            "thermal_readings": {
                "mean": 0.35163688063405063,
                "std": 0.15562780364374387
            },
            "signal_strength": {
                "mean": 0.5245990151567024,
                "std": 0.23693011167410813
            },
            "structural_integrity": {
                "mean": 0.5075631550466388,
                "std": 0.2718309095194988
            }
        },
        "edges": {
            "structural_damage": {
                "mean": 0.5381706521270739,
                "std": 0.38523121558333057
            },
            "signal_interference": {
                "mean": 0.40241024731135966,
                "std": 0.22988146038191506
            },
            "movement_sightings": {
                "mean": 0.47946870987696644,
                "std": 0.171218357159905
            },
            "debris_density": {
                "mean": 0.5422523293629208,
                "std": 0.33495461067480625
            },
            "hazard_gradient": {
                "mean": 0.22894566517505233,
                "std": 0.11525985796676244
            }
        }
    }
}