{
    "metadata": {
        "policy_name": "EvacuationPolicy",
        "experiment_id": "20250303_0921",
        "city_size": 35,
        "run_id": 448
    },
    "performance": {
        "success": false,
        "time_taken": 582.0037046642567,
        "path_length": 111.98803929714845
    },
    "resource_details": {
        "explosives": {
            "allocated": 3,
            "used": 1,
            "efficiency": 0.3333333333333333
        },
        "ammo": {
            "allocated": 3,
            "used": 3,
            "efficiency": 1.0
        },
        "radiation_suits": {
            "allocated": 3,
            "used": 3,
            "efficiency": 1.0
        }
    },
    "proxy_metrics": {
        "nodes": {
            "seismic_activity": {
                "mean": 0.6458808908955476,
                "std": 0.1913626510461397
            },
            "radiation_readings": {
                "mean": 0.4743903149684491,
                "std": 0.2575163369442803
            },
            "population_density": {
                "mean": 0.1887933031382646,
                "std": 0.13819059273559106
            },
            "emergency_calls": {
                "mean": 0.8286023234442329,
                "std": 0.18106513131201085
            },
            "thermal_readings": {
                "mean": 0.3079860601403569,
                "std": 0.19607652544856183
            },
            "signal_strength": {
                "mean": 0.4288919138737166,
                "std": 0.14981545068362895
            },
            "structural_integrity": {
                "mean": 0.3693339987471575,
                "std": 0.20922115481577835
            }
        },
        "edges": {
            "structural_damage": {
                "mean": 0.691757024591748,
                "std": 0.30871430231982105
            },
            "signal_interference": {
                "mean": 0.4259101777727606,
                "std": 0.185378757560614
            },
            "movement_sightings": {
                "mean": 0.5264240688544692,
                "std": 0.2326794545310104
            },
            "debris_density": {
                "mean": 0.6652682145857639,
                "std": 0.2602837877008185
            },
            "hazard_gradient": {
                "mean": 0.21919748629762995,
                "std": 0.12006055726125277
            }
        }
    }
}