{
    "metadata": {
        "policy_name": "EvacuationPolicy",
        "experiment_id": "20250303_0921",
        "city_size": 43,
        "run_id": 474
    },
    "performance": {
        "success": true,
        "time_taken": 154.45234468670515,
        "path_length": 33.33362310904896
    },
    "resource_details": {
        "explosives": {
            "allocated": 3,
            "used": 1,
            "efficiency": 0.3333333333333333
        },
        "ammo": {
            "allocated": 3,
            "used": 3,
            "efficiency": 1.0
        },
        "radiation_suits": {
            "allocated": 3,
            "used": 3,
            "efficiency": 1.0
        }
    },
    "proxy_metrics": {
        "nodes": {
            "seismic_activity": {
                "mean": 0.36251107882965034,
                "std": 0.23801235125300474
            },
            "radiation_readings": {
                "mean": 0.43271237322200984,
                "std": 0.2564073535791279
            },
            "population_density": {
                "mean": 0.1717708600582946,
                "std": 0.1746096014673029
            },
            "emergency_calls": {
                "mean": 0.7501932976787287,
                "std": 0.29989608354303776
            },
            "thermal_readings": {
                "mean": 0.33223012674834335,
                "std": 0.20236500161296045
            },
            "signal_strength": {
                "mean": 0.610350437042905,
                "std": 0.14980318254413977
            },
            "structural_integrity": {
                "mean": 0.6305156146262644,
                "std": 0.25199798798456463
            }
        },
        "edges": {
            "structural_damage": {
                "mean": 0.4601456141149947,
                "std": 0.34370269863058717
            },
            "signal_interference": {
                "mean": 0.36511721506557815,
                "std": 0.17521906071075502
            },
            "movement_sightings": {
                "mean": 0.45736820093721686,
                "std": 0.24553570253510756
            },
            "debris_density": {
                "mean": 0.4773361827586519,
                "std": 0.2812472334898635
            },
            "hazard_gradient": {
                "mean": 0.200985623512449,
                "std": 0.1228052741301425
            }
        }
    }
}