{
    "metadata": {
        "policy_name": "EvacuationPolicy",
        "experiment_id": "20250303_0921",
        "city_size": 53,
        "run_id": 279
    },
    "performance": {
        "success": false,
        "time_taken": 573.6872865990985,
        "path_length": 112.88481299087408
    },
    "resource_details": {
        "explosives": {
            "allocated": 3,
            "used": 2,
            "efficiency": 0.6666666666666666
        },
        "ammo": {
            "allocated": 3,
            "used": 2,
            "efficiency": 0.6666666666666666
        },
        "radiation_suits": {
            "allocated": 3,
            "used": 3,
            "efficiency": 1.0
        }
    },
    "proxy_metrics": {
        "nodes": {
            "seismic_activity": {
                "mean": 0.39114486639732704,
                "std": 0.2697108832939894
            },
            "radiation_readings": {
                "mean": 0.3182433123070471,
                "std": 0.2899584808878104
            },
            "population_density": {
                "mean": 0.20136265167248685,
                "std": 0.17296320784855468
            },
            "emergency_calls": {
                "mean": 0.5737363044446225,
                "std": 0.38734853306077194
            },
            "thermal_readings": {
                "mean": 0.35989262877725026,
                "std": 0.18348475166294
            },
            "signal_strength": {
                "mean": 0.6517024629060347,
                "std": 0.2582196905119374
            },
            "structural_integrity": {
                "mean": 0.6111715971203991,
                "std": 0.26439674456613516
            }
        },
        "edges": {
            "structural_damage": {
                "mean": 0.4658079775264543,
                "std": 0.37114477314518357
            },
            "signal_interference": {
                "mean": 0.29126775412572775,
                "std": 0.21750969567123868
            },
            "movement_sightings": {
                "mean": 0.4511190397077901,
                "std": 0.26082248599057384
            },
            "debris_density": {
                "mean": 0.4634753685996341,
                "std": 0.33172075860754496
            },
            "hazard_gradient": {
                "mean": 0.20274270891420043,
                "std": 0.13113947436693682
            }
        }
    }
}