{
    "metadata": {
        "policy_name": "EvacuationPolicy",
        "experiment_id": "20250303_0921",
        "city_size": 41,
        "run_id": 28
    },
    "performance": {
        "success": false,
        "time_taken": 388.64496755811496,
        "path_length": 85.20165938257323
    },
    "resource_details": {
        "explosives": {
            "allocated": 3,
            "used": 2,
            "efficiency": 0.6666666666666666
        },
        "ammo": {
            "allocated": 3,
            "used": 1,
            "efficiency": 0.3333333333333333
        },
        "radiation_suits": {
            "allocated": 3,
            "used": 3,
            "efficiency": 1.0
        }
    },
    "proxy_metrics": {
        "nodes": {
            "seismic_activity": {
                "mean": 0.45439318527506983,
                "std": 0.26178371622284907
            },
            "radiation_readings": {
                "mean": 0.3841401303327836,
                "std": 0.2928377091666047
            },
            "population_density": {
                "mean": 0.21870591566757425,
                "std": 0.15639322118242516
            },
            "emergency_calls": {
                "mean": 0.7201915315289933,
                "std": 0.29449888709864924
            },
            "thermal_readings": {
                "mean": 0.3750983909686846,
                "std": 0.15036560735818677
            },
            "signal_strength": {
                "mean": 0.5884826655673121,
                "std": 0.19686916069144555
            },
            "structural_integrity": {
                "mean": 0.5494327344766721,
                "std": 0.26503992916846436
            }
        },
        "edges": {
            "structural_damage": {
                "mean": 0.5124642600628688,
                "std": 0.34180603422057215
            },
            "signal_interference": {
                "mean": 0.3427441306482982,
                "std": 0.20794738978028426
            },
            "movement_sightings": {
                "mean": 0.4044889739267142,
                "std": 0.22765550228020487
            },
            "debris_density": {
                "mean": 0.4909807544498793,
                "std": 0.27722105088609594
            },
            "hazard_gradient": {
                "mean": 0.2329293148841957,
                "std": 0.1340037497345578
            }
        }
    }
}