{
    "metadata": {
        "policy_name": "EvacuationPolicy",
        "experiment_id": "20250303_0921",
        "city_size": 61,
        "run_id": 98
    },
    "performance": {
        "success": false,
        "time_taken": 462.29539657342207,
        "path_length": 92.18330198150365
    },
    "resource_details": {
        "explosives": {
            "allocated": 3,
            "used": 2,
            "efficiency": 0.6666666666666666
        },
        "ammo": {
            "allocated": 3,
            "used": 2,
            "efficiency": 0.6666666666666666
        },
        "radiation_suits": {
            "allocated": 3,
            "used": 3,
            "efficiency": 1.0
        }
    },
    "proxy_metrics": {
        "nodes": {
            "seismic_activity": {
                "mean": 0.3489565810648713,
                "std": 0.28758129539566996
            },
            "radiation_readings": {
                "mean": 0.40260379441434524,
                "std": 0.26328962057338073
            },
            "population_density": {
                "mean": 0.1443320847812165,
                "std": 0.1186019750062764
            },
            "emergency_calls": {
                "mean": 0.775121166939144,
                "std": 0.29475374954070305
            },
            "thermal_readings": {
                "mean": 0.2939016294579381,
                "std": 0.14850410737701075
            },
            "signal_strength": {
                "mean": 0.6391244299982566,
                "std": 0.23607102969323063
            },
            "structural_integrity": {
                "mean": 0.6630746362552123,
                "std": 0.28031334763464066
            }
        },
        "edges": {
            "structural_damage": {
                "mean": 0.4491734327038329,
                "std": 0.36003390419161363
            },
            "signal_interference": {
                "mean": 0.34102397558633457,
                "std": 0.22000773806195692
            },
            "movement_sightings": {
                "mean": 0.4447293005557935,
                "std": 0.1720021500869091
            },
            "debris_density": {
                "mean": 0.4572178009367812,
                "std": 0.3190939784488279
            },
            "hazard_gradient": {
                "mean": 0.20533157567571575,
                "std": 0.1346303071890973
            }
        }
    }
}