{
    "metadata": {
        "policy_name": "EvacuationPolicy",
        "experiment_id": "20250303_0921",
        "city_size": 55,
        "run_id": 49
    },
    "performance": {
        "success": false,
        "time_taken": 0.0,
        "path_length": 0
    },
    "resource_details": {
        "explosives": {
            "allocated": 4,
            "used": 4,
            "efficiency": 1.0
        },
        "ammo": {
            "allocated": 4,
            "used": 4,
            "efficiency": 1.0
        },
        "radiation_suits": {
            "allocated": 4,
            "used": 4,
            "efficiency": 1.0
        }
    },
    "proxy_metrics": {
        "nodes": {
            "seismic_activity": {
                "mean": 0.21358574949070436,
                "std": 0.18811055784496666
            },
            "radiation_readings": {
                "mean": 0.2916201171202344,
                "std": 0.3260508651094168
            },
            "population_density": {
                "mean": 0.0755113063469197,
                "std": 0.08480156223034199
            },
            "emergency_calls": {
                "mean": 0.5545016614400367,
                "std": 0.39798096217866885
            },
            "thermal_readings": {
                "mean": 0.25291072992439895,
                "std": 0.1256612078830589
            },
            "signal_strength": {
                "mean": 0.7754473672763995,
                "std": 0.1739558710345134
            },
            "structural_integrity": {
                "mean": 0.7877499860342168,
                "std": 0.195743826287417
            }
        },
        "edges": {
            "structural_damage": {
                "mean": 0.33967693422972906,
                "std": 0.32954368255613986
            },
            "signal_interference": {
                "mean": 0.23174490219077687,
                "std": 0.229810041775225
            },
            "movement_sightings": {
                "mean": 0.35360819150126244,
                "std": 0.15092818420201026
            },
            "debris_density": {
                "mean": 0.3403756036704308,
                "std": 0.2752776710066943
            },
            "hazard_gradient": {
                "mean": 0.14286311277382216,
                "std": 0.12571828156748066
            }
        }
    }
}