{
    "metadata": {
        "policy_name": "EvacuationPolicy",
        "experiment_id": "20250303_0921",
        "city_size": 50,
        "run_id": 13
    },
    "performance": {
        "success": false,
        "time_taken": 332.13283827005114,
        "path_length": 54.5377424713761
    },
    "resource_details": {
        "explosives": {
            "allocated": 4,
            "used": 2,
            "efficiency": 0.5
        },
        "ammo": {
            "allocated": 4,
            "used": 3,
            "efficiency": 0.75
        },
        "radiation_suits": {
            "allocated": 4,
            "used": 4,
            "efficiency": 1.0
        }
    },
    "proxy_metrics": {
        "nodes": {
            "seismic_activity": {
                "mean": 0.342754996708216,
                "std": 0.31286710371451437
            },
            "radiation_readings": {
                "mean": 0.3606230909268684,
                "std": 0.322067937878831
            },
            "population_density": {
                "mean": 0.30760125855816306,
                "std": 0.1629759489312848
            },
            "emergency_calls": {
                "mean": 0.7113741997647861,
                "std": 0.319578345764559
            },
            "thermal_readings": {
                "mean": 0.49089587279071767,
                "std": 0.17259214292440944
            },
            "signal_strength": {
                "mean": 0.6579350799571926,
                "std": 0.23030773344435934
            },
            "structural_integrity": {
                "mean": 0.6592922180902717,
                "std": 0.31572736768926407
            }
        },
        "edges": {
            "structural_damage": {
                "mean": 0.3956279621120609,
                "std": 0.37553896109287266
            },
            "signal_interference": {
                "mean": 0.3150297347259588,
                "std": 0.21852297247369648
            },
            "movement_sightings": {
                "mean": 0.5489318044636096,
                "std": 0.21168251345874767
            },
            "debris_density": {
                "mean": 0.4072330494012695,
                "std": 0.32059260353975627
            },
            "hazard_gradient": {
                "mean": 0.20992734241517993,
                "std": 0.12787613344617016
            }
        }
    }
}