{
    "metadata": {
        "policy_name": "EvacuationPolicy",
        "experiment_id": "20250303_0921",
        "city_size": 52,
        "run_id": 228
    },
    "performance": {
        "success": false,
        "time_taken": 584.7121241780189,
        "path_length": 81.70903122160985
    },
    "resource_details": {
        "explosives": {
            "allocated": 4,
            "used": 4,
            "efficiency": 1.0
        },
        "ammo": {
            "allocated": 4,
            "used": 4,
            "efficiency": 1.0
        },
        "radiation_suits": {
            "allocated": 4,
            "used": 3,
            "efficiency": 0.75
        }
    },
    "proxy_metrics": {
        "nodes": {
            "seismic_activity": {
                "mean": 0.43803766695871266,
                "std": 0.28567022007834775
            },
            "radiation_readings": {
                "mean": 0.45299691321266256,
                "std": 0.28754294383796325
            },
            "population_density": {
                "mean": 0.1798542007562574,
                "std": 0.15412491918856472
            },
            "emergency_calls": {
                "mean": 0.7851474822294539,
                "std": 0.2219510903113627
            },
            "thermal_readings": {
                "mean": 0.3598054990998898,
                "std": 0.178425008533665
            },
            "signal_strength": {
                "mean": 0.5504445971465642,
                "std": 0.1717053017900742
            },
            "structural_integrity": {
                "mean": 0.5686031978535833,
                "std": 0.27391722335228935
            }
        },
        "edges": {
            "structural_damage": {
                "mean": 0.535524029579354,
                "std": 0.34183583616146246
            },
            "signal_interference": {
                "mean": 0.379500768417658,
                "std": 0.18640973193823265
            },
            "movement_sightings": {
                "mean": 0.5105577798490546,
                "std": 0.217677698541818
            },
            "debris_density": {
                "mean": 0.544597206208951,
                "std": 0.27540937690691547
            },
            "hazard_gradient": {
                "mean": 0.23047543138661455,
                "std": 0.13786966730625913
            }
        }
    }
}