{
    "metadata": {
        "policy_name": "EvacuationPolicy",
        "experiment_id": "20250303_0921",
        "city_size": 21,
        "run_id": 280
    },
    "performance": {
        "success": false,
        "time_taken": 150.40848021816905,
        "path_length": 49.99418319515985
    },
    "resource_details": {
        "explosives": {
            "allocated": 1,
            "used": 1,
            "efficiency": 1.0
        },
        "ammo": {
            "allocated": 1,
            "used": 1,
            "efficiency": 1.0
        },
        "radiation_suits": {
            "allocated": 1,
            "used": 1,
            "efficiency": 1.0
        }
    },
    "proxy_metrics": {
        "nodes": {
            "seismic_activity": {
                "mean": 0.38751550657650957,
                "std": 0.3415780966934348
            },
            "radiation_readings": {
                "mean": 0.39406936803252385,
                "std": 0.30645205566781397
            },
            "population_density": {
                "mean": 0.40285070208828266,
                "std": 0.17380278250497683
            },
            "emergency_calls": {
                "mean": 0.8241280949879204,
                "std": 0.17752462598509766
            },
            "thermal_readings": {
                "mean": 0.5976221689862621,
                "std": 0.1173970624330844
            },
            "signal_strength": {
                "mean": 0.6321041832960944,
                "std": 0.3016800951078184
            },
            "structural_integrity": {
                "mean": 0.6218826541890755,
                "std": 0.34850075381445556
            }
        },
        "edges": {
            "structural_damage": {
                "mean": 0.4642112288987569,
                "std": 0.3716625193801277
            },
            "signal_interference": {
                "mean": 0.3395366643547544,
                "std": 0.22033836876618262
            },
            "movement_sightings": {
                "mean": 0.6791842228932307,
                "std": 0.16287245739509001
            },
            "debris_density": {
                "mean": 0.4644515387088501,
                "std": 0.31302231164600913
            },
            "hazard_gradient": {
                "mean": 0.20680349814521426,
                "std": 0.12612302927634986
            }
        }
    }
}