{
    "metadata": {
        "policy_name": "EvacuationPolicy",
        "experiment_id": "20250303_0921",
        "city_size": 34,
        "run_id": 168
    },
    "performance": {
        "success": false,
        "time_taken": 744.4398125609778,
        "path_length": 112.09377956371696
    },
    "resource_details": {
        "explosives": {
            "allocated": 4,
            "used": 2,
            "efficiency": 0.5
        },
        "ammo": {
            "allocated": 4,
            "used": 4,
            "efficiency": 1.0
        },
        "radiation_suits": {
            "allocated": 4,
            "used": 4,
            "efficiency": 1.0
        }
    },
    "proxy_metrics": {
        "nodes": {
            "seismic_activity": {
                "mean": 0.4380902272169978,
                "std": 0.2996258494107569
            },
            "radiation_readings": {
                "mean": 0.4750378696761165,
                "std": 0.25280480125109056
            },
            "population_density": {
                "mean": 0.24795728430376254,
                "std": 0.18630422427896787
            },
            "emergency_calls": {
                "mean": 0.7763224358389937,
                "std": 0.2890147150391256
            },
            "thermal_readings": {
                "mean": 0.44681471511994203,
                "std": 0.1618393995922044
            },
            "signal_strength": {
                "mean": 0.5478020046842352,
                "std": 0.24538931127599614
            },
            "structural_integrity": {
                "mean": 0.553554769668755,
                "std": 0.3143290856569783
            }
        },
        "edges": {
            "structural_damage": {
                "mean": 0.5177759159573345,
                "std": 0.3825209106399332
            },
            "signal_interference": {
                "mean": 0.38019493550959155,
                "std": 0.20666986058202774
            },
            "movement_sightings": {
                "mean": 0.48857897826755026,
                "std": 0.21679032601360793
            },
            "debris_density": {
                "mean": 0.5170264783587935,
                "std": 0.32911814054178073
            },
            "hazard_gradient": {
                "mean": 0.22926520498027195,
                "std": 0.15160417545355392
            }
        }
    }
}