{
    "metadata": {
        "policy_name": "EvacuationPolicy",
        "experiment_id": "20250303_0921",
        "city_size": 56,
        "run_id": 227
    },
    "performance": {
        "success": false,
        "time_taken": 0.0,
        "path_length": 0
    },
    "resource_details": {
        "explosives": {
            "allocated": 3,
            "used": 3,
            "efficiency": 1.0
        },
        "ammo": {
            "allocated": 3,
            "used": 3,
            "efficiency": 1.0
        },
        "radiation_suits": {
            "allocated": 3,
            "used": 3,
            "efficiency": 1.0
        }
    },
    "proxy_metrics": {
        "nodes": {
            "seismic_activity": {
                "mean": 0.26869565397901046,
                "std": 0.22486374089899722
            },
            "radiation_readings": {
                "mean": 0.38393987899145443,
                "std": 0.3439373901768951
            },
            "population_density": {
                "mean": 0.11444760033620506,
                "std": 0.10426915264574813
            },
            "emergency_calls": {
                "mean": 0.5572485565892895,
                "std": 0.4011767625500795
            },
            "thermal_readings": {
                "mean": 0.3018220761386829,
                "std": 0.1575006797805752
            },
            "signal_strength": {
                "mean": 0.6930335602745641,
                "std": 0.22436708209209763
            },
            "structural_integrity": {
                "mean": 0.7449240968058221,
                "std": 0.20688026230805007
            }
        },
        "edges": {
            "structural_damage": {
                "mean": 0.4107609102000997,
                "std": 0.32742394985492995
            },
            "signal_interference": {
                "mean": 0.3020315162189633,
                "std": 0.22322047438355969
            },
            "movement_sightings": {
                "mean": 0.3435477887719183,
                "std": 0.20344198761530738
            },
            "debris_density": {
                "mean": 0.4234402998294521,
                "std": 0.2675270390528781
            },
            "hazard_gradient": {
                "mean": 0.17255816055115003,
                "std": 0.13946230959082112
            }
        }
    }
}