{
    "metadata": {
        "policy_name": "EvacuationPolicy",
        "experiment_id": "20250303_0921",
        "city_size": 60,
        "run_id": 431
    },
    "performance": {
        "success": true,
        "time_taken": 33.96254470331518,
        "path_length": 15.801093733493081
    },
    "resource_details": {
        "explosives": {
            "allocated": 3,
            "used": 0,
            "efficiency": 0.0
        },
        "ammo": {
            "allocated": 3,
            "used": 0,
            "efficiency": 0.0
        },
        "radiation_suits": {
            "allocated": 3,
            "used": 2,
            "efficiency": 0.6666666666666666
        }
    },
    "proxy_metrics": {
        "nodes": {
            "seismic_activity": {
                "mean": 0.22083890509247353,
                "std": 0.1784355380163024
            },
            "radiation_readings": {
                "mean": 0.35687348566388616,
                "std": 0.3057915364283634
            },
            "population_density": {
                "mean": 0.1784681745664446,
                "std": 0.1565622706515056
            },
            "emergency_calls": {
                "mean": 0.6531316127731762,
                "std": 0.3760723411830682
            },
            "thermal_readings": {
                "mean": 0.3168193843042701,
                "std": 0.16438202326097984
            },
            "signal_strength": {
                "mean": 0.7458039573587579,
                "std": 0.1715214704444369
            },
            "structural_integrity": {
                "mean": 0.7856313764679353,
                "std": 0.17418627101491213
            }
        },
        "edges": {
            "structural_damage": {
                "mean": 0.3045154367633623,
                "std": 0.29523049135903146
            },
            "signal_interference": {
                "mean": 0.2789884283672315,
                "std": 0.20133016917134997
            },
            "movement_sightings": {
                "mean": 0.3660214948579676,
                "std": 0.22527370037400238
            },
            "debris_density": {
                "mean": 0.31466057839837536,
                "std": 0.2673066535287832
            },
            "hazard_gradient": {
                "mean": 0.21286571245422511,
                "std": 0.12545600246587527
            }
        }
    }
}