{
    "metadata": {
        "policy_name": "EvacuationPolicy",
        "experiment_id": "20250303_0921",
        "city_size": 55,
        "run_id": 278
    },
    "performance": {
        "success": false,
        "time_taken": 669.2382951575306,
        "path_length": 108.19040805065194
    },
    "resource_details": {
        "explosives": {
            "allocated": 4,
            "used": 3,
            "efficiency": 0.75
        },
        "ammo": {
            "allocated": 4,
            "used": 2,
            "efficiency": 0.5
        },
        "radiation_suits": {
            "allocated": 4,
            "used": 4,
            "efficiency": 1.0
        }
    },
    "proxy_metrics": {
        "nodes": {
            "seismic_activity": {
                "mean": 0.5238392175044292,
                "std": 0.2712298483470002
            },
            "radiation_readings": {
                "mean": 0.3833475025329396,
                "std": 0.3052917987683337
            },
            "population_density": {
                "mean": 0.13954076965837361,
                "std": 0.10792394827594663
            },
            "emergency_calls": {
                "mean": 0.7010541688870652,
                "std": 0.30071312195077793
            },
            "thermal_readings": {
                "mean": 0.30347702826551004,
                "std": 0.13517772587144952
            },
            "signal_strength": {
                "mean": 0.5454618059174441,
                "std": 0.22415252188781395
            },
            "structural_integrity": {
                "mean": 0.4840076583708665,
                "std": 0.2659006506187661
            }
        },
        "edges": {
            "structural_damage": {
                "mean": 0.6143642362431627,
                "std": 0.36536419088744854
            },
            "signal_interference": {
                "mean": 0.34358005917348655,
                "std": 0.23103517153438183
            },
            "movement_sightings": {
                "mean": 0.45863103250505965,
                "std": 0.18686804636160145
            },
            "debris_density": {
                "mean": 0.5890838348936758,
                "std": 0.30260934559552044
            },
            "hazard_gradient": {
                "mean": 0.2057636800166073,
                "std": 0.13695723694245632
            }
        }
    }
}