{
    "metadata": {
        "policy_name": "EvacuationPolicy",
        "experiment_id": "20250303_0921",
        "city_size": 22,
        "run_id": 128
    },
    "performance": {
        "success": true,
        "time_taken": 26.2262111893297,
        "path_length": 8.570007412556471
    },
    "resource_details": {
        "explosives": {
            "allocated": 2,
            "used": 0,
            "efficiency": 0.0
        },
        "ammo": {
            "allocated": 2,
            "used": 2,
            "efficiency": 1.0
        },
        "radiation_suits": {
            "allocated": 2,
            "used": 2,
            "efficiency": 1.0
        }
    },
    "proxy_metrics": {
        "nodes": {
            "seismic_activity": {
                "mean": 0.38881867011627685,
                "std": 0.21646311495458062
            },
            "radiation_readings": {
                "mean": 0.42934614088547496,
                "std": 0.27788119479929163
            },
            "population_density": {
                "mean": 0.34681173433604884,
                "std": 0.13886195761015827
            },
            "emergency_calls": {
                "mean": 0.7465319205375185,
                "std": 0.28598345409336595
            },
            "thermal_readings": {
                "mean": 0.5081438832520616,
                "std": 0.131576945602422
            },
            "signal_strength": {
                "mean": 0.6161135912133305,
                "std": 0.12863610840295256
            },
            "structural_integrity": {
                "mean": 0.6286247996249928,
                "std": 0.21836568631258685
            }
        },
        "edges": {
            "structural_damage": {
                "mean": 0.5335543671039958,
                "std": 0.3215121287036485
            },
            "signal_interference": {
                "mean": 0.36431549900327237,
                "std": 0.18316102588731806
            },
            "movement_sightings": {
                "mean": 0.7026361941082458,
                "std": 0.15284027953503293
            },
            "debris_density": {
                "mean": 0.5503214706631872,
                "std": 0.24621647244453032
            },
            "hazard_gradient": {
                "mean": 0.20771940298791575,
                "std": 0.1422017006381448
            }
        }
    }
}