{
    "metadata": {
        "policy_name": "EvacuationPolicy",
        "experiment_id": "20250303_0921",
        "city_size": 51,
        "run_id": 247
    },
    "performance": {
        "success": false,
        "time_taken": 607.0161129330596,
        "path_length": 86.69451746842893
    },
    "resource_details": {
        "explosives": {
            "allocated": 4,
            "used": 3,
            "efficiency": 0.75
        },
        "ammo": {
            "allocated": 4,
            "used": 4,
            "efficiency": 1.0
        },
        "radiation_suits": {
            "allocated": 4,
            "used": 4,
            "efficiency": 1.0
        }
    },
    "proxy_metrics": {
        "nodes": {
            "seismic_activity": {
                "mean": 0.3250299664945993,
                "std": 0.24167931292851896
            },
            "radiation_readings": {
                "mean": 0.37417416565994716,
                "std": 0.31043518089855
            },
            "population_density": {
                "mean": 0.29071643377176515,
                "std": 0.1733594269112278
            },
            "emergency_calls": {
                "mean": 0.666070681511386,
                "std": 0.33457090899838615
            },
            "thermal_readings": {
                "mean": 0.4599445960975983,
                "std": 0.18725290911000136
            },
            "signal_strength": {
                "mean": 0.6584695241552401,
                "std": 0.1922833749722259
            },
            "structural_integrity": {
                "mean": 0.6566002759745811,
                "std": 0.25920361002975606
            }
        },
        "edges": {
            "structural_damage": {
                "mean": 0.4560087580320624,
                "std": 0.3345678723714889
            },
            "signal_interference": {
                "mean": 0.31420772274005354,
                "std": 0.22058419927437783
            },
            "movement_sightings": {
                "mean": 0.4429718951603281,
                "std": 0.25417047316258934
            },
            "debris_density": {
                "mean": 0.47403064575341336,
                "std": 0.2808524269958825
            },
            "hazard_gradient": {
                "mean": 0.1696281767370424,
                "std": 0.13777299751819574
            }
        }
    }
}