{
    "metadata": {
        "policy_name": "EvacuationPolicy",
        "experiment_id": "20250303_0921",
        "city_size": 61,
        "run_id": 378
    },
    "performance": {
        "success": false,
        "time_taken": 214.19391148226367,
        "path_length": 46.068342250263065
    },
    "resource_details": {
        "explosives": {
            "allocated": 3,
            "used": 1,
            "efficiency": 0.3333333333333333
        },
        "ammo": {
            "allocated": 3,
            "used": 2,
            "efficiency": 0.6666666666666666
        },
        "radiation_suits": {
            "allocated": 3,
            "used": 3,
            "efficiency": 1.0
        }
    },
    "proxy_metrics": {
        "nodes": {
            "seismic_activity": {
                "mean": 0.3001821298915853,
                "std": 0.22178414064691568
            },
            "radiation_readings": {
                "mean": 0.33208134886529994,
                "std": 0.31696613174787014
            },
            "population_density": {
                "mean": 0.24357036657840878,
                "std": 0.17277096792394941
            },
            "emergency_calls": {
                "mean": 0.7510288672552068,
                "std": 0.28143985220345247
            },
            "thermal_readings": {
                "mean": 0.41945925630035197,
                "std": 0.165730531341725
            },
            "signal_strength": {
                "mean": 0.6916482790202071,
                "std": 0.19659568273543723
            },
            "structural_integrity": {
                "mean": 0.6946060154099746,
                "std": 0.2204349436803323
            }
        },
        "edges": {
            "structural_damage": {
                "mean": 0.4048088573219169,
                "std": 0.3542765885198649
            },
            "signal_interference": {
                "mean": 0.2864764680574204,
                "std": 0.22416998535838323
            },
            "movement_sightings": {
                "mean": 0.537255868079692,
                "std": 0.21402418520017624
            },
            "debris_density": {
                "mean": 0.4111102797129136,
                "std": 0.2991882303370845
            },
            "hazard_gradient": {
                "mean": 0.2096357312707802,
                "std": 0.12307149544539216
            }
        }
    }
}