{
    "metadata": {
        "policy_name": "EvacuationPolicy",
        "experiment_id": "20250303_0921",
        "city_size": 51,
        "run_id": 46
    },
    "performance": {
        "success": false,
        "time_taken": 1021.9784807302749,
        "path_length": 117.62333763643025
    },
    "resource_details": {
        "explosives": {
            "allocated": 5,
            "used": 4,
            "efficiency": 0.8
        },
        "ammo": {
            "allocated": 5,
            "used": 5,
            "efficiency": 1.0
        },
        "radiation_suits": {
            "allocated": 5,
            "used": 5,
            "efficiency": 1.0
        }
    },
    "proxy_metrics": {
        "nodes": {
            "seismic_activity": {
                "mean": 0.4328438096669788,
                "std": 0.3158354889250707
            },
            "radiation_readings": {
                "mean": 0.4526766363768579,
                "std": 0.2886773853551161
            },
            "population_density": {
                "mean": 0.2847524662821989,
                "std": 0.13791439477561304
            },
            "emergency_calls": {
                "mean": 0.7488559375629139,
                "std": 0.30186418665423076
            },
            "thermal_readings": {
                "mean": 0.4685800816095238,
                "std": 0.12609441500981167
            },
            "signal_strength": {
                "mean": 0.5860667078375049,
                "std": 0.24094301276398486
            },
            "structural_integrity": {
                "mean": 0.5915333122352494,
                "std": 0.3072779446926593
            }
        },
        "edges": {
            "structural_damage": {
                "mean": 0.4891663856079289,
                "std": 0.35859744071426564
            },
            "signal_interference": {
                "mean": 0.37467292497028454,
                "std": 0.20367384379201833
            },
            "movement_sightings": {
                "mean": 0.5590952291152809,
                "std": 0.18330013056160202
            },
            "debris_density": {
                "mean": 0.4915286285978537,
                "std": 0.30401271274988517
            },
            "hazard_gradient": {
                "mean": 0.21737582870061975,
                "std": 0.12008536606048643
            }
        }
    }
}