{
    "metadata": {
        "policy_name": "EvacuationPolicy",
        "experiment_id": "20250303_0921",
        "city_size": 52,
        "run_id": 130
    },
    "performance": {
        "success": false,
        "time_taken": 0.0,
        "path_length": 0
    },
    "resource_details": {
        "explosives": {
            "allocated": 2,
            "used": 2,
            "efficiency": 1.0
        },
        "ammo": {
            "allocated": 2,
            "used": 2,
            "efficiency": 1.0
        },
        "radiation_suits": {
            "allocated": 2,
            "used": 2,
            "efficiency": 1.0
        }
    },
    "proxy_metrics": {
        "nodes": {
            "seismic_activity": {
                "mean": 0.20860299290968662,
                "std": 0.18698171868384367
            },
            "radiation_readings": {
                "mean": 0.3494322559535227,
                "std": 0.31839208097954064
            },
            "population_density": {
                "mean": 0.17088152231852433,
                "std": 0.1532801068496064
            },
            "emergency_calls": {
                "mean": 0.6348527093039993,
                "std": 0.37668079260964443
            },
            "thermal_readings": {
                "mean": 0.3358182067358312,
                "std": 0.17437249077215117
            },
            "signal_strength": {
                "mean": 0.7617355150410003,
                "std": 0.16120623206061588
            },
            "structural_integrity": {
                "mean": 0.8052543553845908,
                "std": 0.17919549943725233
            }
        },
        "edges": {
            "structural_damage": {
                "mean": 0.32596877115666695,
                "std": 0.29137262396947805
            },
            "signal_interference": {
                "mean": 0.2806676586790954,
                "std": 0.20535768645279945
            },
            "movement_sightings": {
                "mean": 0.3522966880501755,
                "std": 0.2146948261231938
            },
            "debris_density": {
                "mean": 0.34772560916912265,
                "std": 0.256746283718684
            },
            "hazard_gradient": {
                "mean": 0.18810949045413486,
                "std": 0.14885076228515517
            }
        }
    }
}