{
    "metadata": {
        "policy_name": "EvacuationPolicy",
        "experiment_id": "20250303_0921",
        "city_size": 42,
        "run_id": 319
    },
    "performance": {
        "success": false,
        "time_taken": 844.919111043754,
        "path_length": 229.72565328110835
    },
    "resource_details": {
        "explosives": {
            "allocated": 2,
            "used": 2,
            "efficiency": 1.0
        },
        "ammo": {
            "allocated": 2,
            "used": 2,
            "efficiency": 1.0
        },
        "radiation_suits": {
            "allocated": 2,
            "used": 0,
            "efficiency": 0.0
        }
    },
    "proxy_metrics": {
        "nodes": {
            "seismic_activity": {
                "mean": 0.509601722618369,
                "std": 0.23597504190149793
            },
            "radiation_readings": {
                "mean": 0.3891579357502026,
                "std": 0.3258599622506142
            },
            "population_density": {
                "mean": 0.26498882173414195,
                "std": 0.17324557136971946
            },
            "emergency_calls": {
                "mean": 0.7920467935929003,
                "std": 0.202320543766704
            },
            "thermal_readings": {
                "mean": 0.4304165520568641,
                "std": 0.12685888658047972
            },
            "signal_strength": {
                "mean": 0.5573138662656402,
                "std": 0.18556974818710226
            },
            "structural_integrity": {
                "mean": 0.49298321332091455,
                "std": 0.23186879831509966
            }
        },
        "edges": {
            "structural_damage": {
                "mean": 0.6151570916896979,
                "std": 0.34373393302465116
            },
            "signal_interference": {
                "mean": 0.34520328632375913,
                "std": 0.24238371485517504
            },
            "movement_sightings": {
                "mean": 0.5416131009427219,
                "std": 0.23896979604459898
            },
            "debris_density": {
                "mean": 0.6107987678858182,
                "std": 0.2817712077771007
            },
            "hazard_gradient": {
                "mean": 0.20618935096696533,
                "std": 0.14140502920521805
            }
        }
    }
}