{
    "metadata": {
        "policy_name": "EvacuationPolicy",
        "experiment_id": "20250303_0921",
        "city_size": 64,
        "run_id": 293
    },
    "performance": {
        "success": false,
        "time_taken": 0.0,
        "path_length": 0
    },
    "resource_details": {
        "explosives": {
            "allocated": 4,
            "used": 4,
            "efficiency": 1.0
        },
        "ammo": {
            "allocated": 4,
            "used": 4,
            "efficiency": 1.0
        },
        "radiation_suits": {
            "allocated": 4,
            "used": 4,
            "efficiency": 1.0
        }
    },
    "proxy_metrics": {
        "nodes": {
            "seismic_activity": {
                "mean": 0.17078410350130635,
                "std": 0.18493756132261613
            },
            "radiation_readings": {
                "mean": 0.3940841272538079,
                "std": 0.30776187372036173
            },
            "population_density": {
                "mean": 0.17880345371703044,
                "std": 0.1348797604117714
            },
            "emergency_calls": {
                "mean": 0.6785827131575533,
                "std": 0.37366554284975106
            },
            "thermal_readings": {
                "mean": 0.3687222953736352,
                "std": 0.17268711792346647
            },
            "signal_strength": {
                "mean": 0.7612611117747805,
                "std": 0.1588835516062769
            },
            "structural_integrity": {
                "mean": 0.8276079793558447,
                "std": 0.17992692431957463
            }
        },
        "edges": {
            "structural_damage": {
                "mean": 0.22279826867462252,
                "std": 0.2675948919896604
            },
            "signal_interference": {
                "mean": 0.3066094428924326,
                "std": 0.21471222161914819
            },
            "movement_sightings": {
                "mean": 0.39535123794176047,
                "std": 0.234361250927847
            },
            "debris_density": {
                "mean": 0.24862653659778655,
                "std": 0.240258120613526
            },
            "hazard_gradient": {
                "mean": 0.20876666622189738,
                "std": 0.13072486334873265
            }
        }
    }
}