{
    "metadata": {
        "policy_name": "EvacuationPolicy",
        "experiment_id": "20250303_0921",
        "city_size": 36,
        "run_id": 87
    },
    "performance": {
        "success": true,
        "time_taken": 14.49690633752581,
        "path_length": 4.684747631631313
    },
    "resource_details": {
        "explosives": {
            "allocated": 4,
            "used": 0,
            "efficiency": 0.0
        },
        "ammo": {
            "allocated": 4,
            "used": 2,
            "efficiency": 0.5
        },
        "radiation_suits": {
            "allocated": 4,
            "used": 2,
            "efficiency": 0.5
        }
    },
    "proxy_metrics": {
        "nodes": {
            "seismic_activity": {
                "mean": 0.33021782524714727,
                "std": 0.24350680893175536
            },
            "radiation_readings": {
                "mean": 0.4708220864055261,
                "std": 0.2535360963246547
            },
            "population_density": {
                "mean": 0.2106741887651998,
                "std": 0.17577238436747736
            },
            "emergency_calls": {
                "mean": 0.7895969015356001,
                "std": 0.26444993094437724
            },
            "thermal_readings": {
                "mean": 0.3540425749041477,
                "std": 0.16420941375245968
            },
            "signal_strength": {
                "mean": 0.6255189032498089,
                "std": 0.18660754733806717
            },
            "structural_integrity": {
                "mean": 0.679750020363542,
                "std": 0.25124730516893995
            }
        },
        "edges": {
            "structural_damage": {
                "mean": 0.41258876368156816,
                "std": 0.33862965241360216
            },
            "signal_interference": {
                "mean": 0.3941533044392913,
                "std": 0.17370003480261673
            },
            "movement_sightings": {
                "mean": 0.499838169658848,
                "std": 0.28241462109888865
            },
            "debris_density": {
                "mean": 0.41401674688824847,
                "std": 0.28568914514267835
            },
            "hazard_gradient": {
                "mean": 0.24936880615427404,
                "std": 0.13833717521125236
            }
        }
    }
}