{
    "metadata": {
        "policy_name": "EvacuationPolicy",
        "experiment_id": "20250303_0921",
        "city_size": 45,
        "run_id": 267
    },
    "performance": {
        "success": false,
        "time_taken": 256.7857390963334,
        "path_length": 81.98073258742582
    },
    "resource_details": {
        "explosives": {
            "allocated": 2,
            "used": 1,
            "efficiency": 0.5
        },
        "ammo": {
            "allocated": 2,
            "used": 0,
            "efficiency": 0.0
        },
        "radiation_suits": {
            "allocated": 2,
            "used": 2,
            "efficiency": 1.0
        }
    },
    "proxy_metrics": {
        "nodes": {
            "seismic_activity": {
                "mean": 0.4049162221642838,
                "std": 0.33009600442458087
            },
            "radiation_readings": {
                "mean": 0.4485174489460464,
                "std": 0.30410409785718306
            },
            "population_density": {
                "mean": 0.17884979972199497,
                "std": 0.17935798313675172
            },
            "emergency_calls": {
                "mean": 0.7524918508046511,
                "std": 0.3167760979271491
            },
            "thermal_readings": {
                "mean": 0.32917831931396685,
                "std": 0.2128048803580105
            },
            "signal_strength": {
                "mean": 0.5896058382951446,
                "std": 0.2572785951003142
            },
            "structural_integrity": {
                "mean": 0.5945215685338388,
                "std": 0.30796959995790296
            }
        },
        "edges": {
            "structural_damage": {
                "mean": 0.4680895032203473,
                "std": 0.36675268695429153
            },
            "signal_interference": {
                "mean": 0.3493662202570069,
                "std": 0.2198816806778955
            },
            "movement_sightings": {
                "mean": 0.3634949593495635,
                "std": 0.21313413518398147
            },
            "debris_density": {
                "mean": 0.46078830285539657,
                "std": 0.3298130714599196
            },
            "hazard_gradient": {
                "mean": 0.22374437310923492,
                "std": 0.15582119622507995
            }
        }
    }
}