{
    "metadata": {
        "policy_name": "EvacuationPolicy",
        "experiment_id": "20250303_0921",
        "city_size": 48,
        "run_id": 335
    },
    "performance": {
        "success": false,
        "time_taken": 415.36114717990876,
        "path_length": 133.56563320239735
    },
    "resource_details": {
        "explosives": {
            "allocated": 2,
            "used": 2,
            "efficiency": 1.0
        },
        "ammo": {
            "allocated": 2,
            "used": 1,
            "efficiency": 0.5
        },
        "radiation_suits": {
            "allocated": 2,
            "used": 0,
            "efficiency": 0.0
        }
    },
    "proxy_metrics": {
        "nodes": {
            "seismic_activity": {
                "mean": 0.4171696285279596,
                "std": 0.2755570331776411
            },
            "radiation_readings": {
                "mean": 0.38768008915101587,
                "std": 0.29267039572600895
            },
            "population_density": {
                "mean": 0.21573585153944472,
                "std": 0.13974020483379887
            },
            "emergency_calls": {
                "mean": 0.7856649981032543,
                "std": 0.22091645694112255
            },
            "thermal_readings": {
                "mean": 0.36808541229764913,
                "std": 0.1397940021179528
            },
            "signal_strength": {
                "mean": 0.6012412947458466,
                "std": 0.1950618598033182
            },
            "structural_integrity": {
                "mean": 0.5780142861630156,
                "std": 0.28524425438327394
            }
        },
        "edges": {
            "structural_damage": {
                "mean": 0.5180433591979203,
                "std": 0.32967099273014017
            },
            "signal_interference": {
                "mean": 0.34660612133357166,
                "std": 0.19172547118247588
            },
            "movement_sightings": {
                "mean": 0.4659305099447699,
                "std": 0.22698193603771796
            },
            "debris_density": {
                "mean": 0.4934291057435445,
                "std": 0.2783828533262941
            },
            "hazard_gradient": {
                "mean": 0.2202322698018663,
                "std": 0.13043607351668066
            }
        }
    }
}