{
    "metadata": {
        "policy_name": "EvacuationPolicy",
        "experiment_id": "20250303_0921",
        "city_size": 64,
        "run_id": 408
    },
    "performance": {
        "success": true,
        "time_taken": 20.415101532453747,
        "path_length": 9.54248042072965
    },
    "resource_details": {
        "explosives": {
            "allocated": 4,
            "used": 0,
            "efficiency": 0.0
        },
        "ammo": {
            "allocated": 4,
            "used": 0,
            "efficiency": 0.0
        },
        "radiation_suits": {
            "allocated": 4,
            "used": 2,
            "efficiency": 0.5
        }
    },
    "proxy_metrics": {
        "nodes": {
            "seismic_activity": {
                "mean": 0.2584965380000943,
                "std": 0.22352318186856202
            },
            "radiation_readings": {
                "mean": 0.3568583670778904,
                "std": 0.30926577331660726
            },
            "population_density": {
                "mean": 0.10390451940308215,
                "std": 0.11690983853718119
            },
            "emergency_calls": {
                "mean": 0.6168636252762081,
                "std": 0.3906184189626573
            },
            "thermal_readings": {
                "mean": 0.23883703014545732,
                "std": 0.12913068187521676
            },
            "signal_strength": {
                "mean": 0.7232989957603247,
                "std": 0.20503884178961584
            },
            "structural_integrity": {
                "mean": 0.7537889045897024,
                "std": 0.23069351777854552
            }
        },
        "edges": {
            "structural_damage": {
                "mean": 0.3173068548439171,
                "std": 0.31234171446000786
            },
            "signal_interference": {
                "mean": 0.2918117520551627,
                "std": 0.2199521676590288
            },
            "movement_sightings": {
                "mean": 0.42445761412820127,
                "std": 0.20523268981636425
            },
            "debris_density": {
                "mean": 0.32161498691798207,
                "std": 0.2819635736516358
            },
            "hazard_gradient": {
                "mean": 0.18927822942355102,
                "std": 0.13509968649129286
            }
        }
    }
}