{
    "metadata": {
        "policy_name": "EvacuationPolicy",
        "experiment_id": "20250303_0921",
        "city_size": 46,
        "run_id": 39
    },
    "performance": {
        "success": true,
        "time_taken": 122.51299413242853,
        "path_length": 26.628594595757626
    },
    "resource_details": {
        "explosives": {
            "allocated": 5,
            "used": 1,
            "efficiency": 0.2
        },
        "ammo": {
            "allocated": 5,
            "used": 3,
            "efficiency": 0.6
        },
        "radiation_suits": {
            "allocated": 5,
            "used": 3,
            "efficiency": 0.6
        }
    },
    "proxy_metrics": {
        "nodes": {
            "seismic_activity": {
                "mean": 0.3445767863943221,
                "std": 0.29112522207124786
            },
            "radiation_readings": {
                "mean": 0.4148993414319328,
                "std": 0.29460579364125217
            },
            "population_density": {
                "mean": 0.28648190604890045,
                "std": 0.1835563177454992
            },
            "emergency_calls": {
                "mean": 0.76980281536298,
                "std": 0.287227813396658
            },
            "thermal_readings": {
                "mean": 0.44028091347215975,
                "std": 0.20446458584037053
            },
            "signal_strength": {
                "mean": 0.625951494059147,
                "std": 0.25502608976283647
            },
            "structural_integrity": {
                "mean": 0.6331408209797977,
                "std": 0.3070025460067502
            }
        },
        "edges": {
            "structural_damage": {
                "mean": 0.40426765030384076,
                "std": 0.3541212497479752
            },
            "signal_interference": {
                "mean": 0.3511256597834322,
                "std": 0.22243400431950125
            },
            "movement_sightings": {
                "mean": 0.6245213689923456,
                "std": 0.22866692588805546
            },
            "debris_density": {
                "mean": 0.4046768145501629,
                "std": 0.3024264851932203
            },
            "hazard_gradient": {
                "mean": 0.21479688344844536,
                "std": 0.13695246525469099
            }
        }
    }
}