{
    "metadata": {
        "policy_name": "EvacuationPolicy",
        "experiment_id": "20250303_0921",
        "city_size": 23,
        "run_id": 366
    },
    "performance": {
        "success": true,
        "time_taken": 154.86558975181757,
        "path_length": 38.06451632569765
    },
    "resource_details": {
        "explosives": {
            "allocated": 3,
            "used": 1,
            "efficiency": 0.3333333333333333
        },
        "ammo": {
            "allocated": 3,
            "used": 2,
            "efficiency": 0.6666666666666666
        },
        "radiation_suits": {
            "allocated": 3,
            "used": 3,
            "efficiency": 1.0
        }
    },
    "proxy_metrics": {
        "nodes": {
            "seismic_activity": {
                "mean": 0.35253322429244394,
                "std": 0.30091201497199016
            },
            "radiation_readings": {
                "mean": 0.44043045204249276,
                "std": 0.25577476130055277
            },
            "population_density": {
                "mean": 0.2105160698344389,
                "std": 0.10255753701360394
            },
            "emergency_calls": {
                "mean": 0.7706264941802322,
                "std": 0.3153520711195075
            },
            "thermal_readings": {
                "mean": 0.37402128774092264,
                "std": 0.13042729558625804
            },
            "signal_strength": {
                "mean": 0.6193720501763135,
                "std": 0.2262214742954829
            },
            "structural_integrity": {
                "mean": 0.6352264025499156,
                "std": 0.2607099104664723
            }
        },
        "edges": {
            "structural_damage": {
                "mean": 0.4053790254286579,
                "std": 0.37812209692987303
            },
            "signal_interference": {
                "mean": 0.3741202235278358,
                "std": 0.17661834039332672
            },
            "movement_sightings": {
                "mean": 0.5050541199742761,
                "std": 0.2222285758619737
            },
            "debris_density": {
                "mean": 0.3856406776618953,
                "std": 0.3170815148244302
            },
            "hazard_gradient": {
                "mean": 0.25570508437896133,
                "std": 0.1310870235385599
            }
        }
    }
}