{
    "metadata": {
        "policy_name": "EvacuationPolicy",
        "experiment_id": "20250303_0921",
        "city_size": 35,
        "run_id": 230
    },
    "performance": {
        "success": true,
        "time_taken": 632.0711289825542,
        "path_length": 104.06891836954887
    },
    "resource_details": {
        "explosives": {
            "allocated": 5,
            "used": 4,
            "efficiency": 0.8
        },
        "ammo": {
            "allocated": 5,
            "used": 3,
            "efficiency": 0.6
        },
        "radiation_suits": {
            "allocated": 5,
            "used": 3,
            "efficiency": 0.6
        }
    },
    "proxy_metrics": {
        "nodes": {
            "seismic_activity": {
                "mean": 0.48975762209181334,
                "std": 0.34289193155433334
            },
            "radiation_readings": {
                "mean": 0.3884015322716936,
                "std": 0.3164836816870757
            },
            "population_density": {
                "mean": 0.20547962201918854,
                "std": 0.1317664905618543
            },
            "emergency_calls": {
                "mean": 0.767061028088188,
                "std": 0.263734856883203
            },
            "thermal_readings": {
                "mean": 0.40368146182117776,
                "std": 0.13237843856285386
            },
            "signal_strength": {
                "mean": 0.5589296050710197,
                "std": 0.23338627410846097
            },
            "structural_integrity": {
                "mean": 0.4955000656137007,
                "std": 0.35529769924728016
            }
        },
        "edges": {
            "structural_damage": {
                "mean": 0.5450781980304575,
                "std": 0.40522279058451405
            },
            "signal_interference": {
                "mean": 0.3420805461103153,
                "std": 0.20827567407538922
            },
            "movement_sightings": {
                "mean": 0.49462781361593366,
                "std": 0.2247608642531049
            },
            "debris_density": {
                "mean": 0.5297760713594034,
                "std": 0.3311106421054274
            },
            "hazard_gradient": {
                "mean": 0.210988275936083,
                "std": 0.13404933265501667
            }
        }
    }
}