{
    "metadata": {
        "policy_name": "EvacuationPolicy",
        "experiment_id": "20250303_0921",
        "city_size": 30,
        "run_id": 12
    },
    "performance": {
        "success": false,
        "time_taken": 896.6084348072314,
        "path_length": 117.36561249786658
    },
    "resource_details": {
        "explosives": {
            "allocated": 4,
            "used": 4,
            "efficiency": 1.0
        },
        "ammo": {
            "allocated": 4,
            "used": 4,
            "efficiency": 1.0
        },
        "radiation_suits": {
            "allocated": 4,
            "used": 4,
            "efficiency": 1.0
        }
    },
    "proxy_metrics": {
        "nodes": {
            "seismic_activity": {
                "mean": 0.5562052711457154,
                "std": 0.3445451209809019
            },
            "radiation_readings": {
                "mean": 0.31791503422232537,
                "std": 0.3280252435772034
            },
            "population_density": {
                "mean": 0.19014964012183294,
                "std": 0.19458291417467513
            },
            "emergency_calls": {
                "mean": 0.5917427257127716,
                "std": 0.3723253480225003
            },
            "thermal_readings": {
                "mean": 0.34789197006712347,
                "std": 0.20633748480264594
            },
            "signal_strength": {
                "mean": 0.5336629129178784,
                "std": 0.3236728189430522
            },
            "structural_integrity": {
                "mean": 0.47467910860142215,
                "std": 0.34476919118619703
            }
        },
        "edges": {
            "structural_damage": {
                "mean": 0.5660739539005137,
                "std": 0.3929922612013507
            },
            "signal_interference": {
                "mean": 0.30783840926992045,
                "std": 0.26137485718558756
            },
            "movement_sightings": {
                "mean": 0.5147648213672472,
                "std": 0.2460471330939081
            },
            "debris_density": {
                "mean": 0.5422354321363623,
                "std": 0.3436069738655429
            },
            "hazard_gradient": {
                "mean": 0.1906342474925657,
                "std": 0.12958711595885047
            }
        }
    }
}