{
    "metadata": {
        "policy_name": "EvacuationPolicy",
        "experiment_id": "20250303_0921",
        "city_size": 43,
        "run_id": 54
    },
    "performance": {
        "success": false,
        "time_taken": 601.8990645885931,
        "path_length": 118.86514682429
    },
    "resource_details": {
        "explosives": {
            "allocated": 3,
            "used": 2,
            "efficiency": 0.6666666666666666
        },
        "ammo": {
            "allocated": 3,
            "used": 2,
            "efficiency": 0.6666666666666666
        },
        "radiation_suits": {
            "allocated": 3,
            "used": 3,
            "efficiency": 1.0
        }
    },
    "proxy_metrics": {
        "nodes": {
            "seismic_activity": {
                "mean": 0.40565645544462464,
                "std": 0.2633937118710228
            },
            "radiation_readings": {
                "mean": 0.4184848386772814,
                "std": 0.2910119005320041
            },
            "population_density": {
                "mean": 0.22941134304262079,
                "std": 0.1572568996963282
            },
            "emergency_calls": {
                "mean": 0.7205131662934312,
                "std": 0.3293213123849865
            },
            "thermal_readings": {
                "mean": 0.4323257375161859,
                "std": 0.14841333392594705
            },
            "signal_strength": {
                "mean": 0.6246964988955916,
                "std": 0.19875085412980675
            },
            "structural_integrity": {
                "mean": 0.6007935368642503,
                "std": 0.24881064901772185
            }
        },
        "edges": {
            "structural_damage": {
                "mean": 0.4743787012044566,
                "std": 0.3480893687934512
            },
            "signal_interference": {
                "mean": 0.3332693004036049,
                "std": 0.21833453876849993
            },
            "movement_sightings": {
                "mean": 0.4790772945858579,
                "std": 0.22664199924948641
            },
            "debris_density": {
                "mean": 0.48262491045443917,
                "std": 0.2776478649537354
            },
            "hazard_gradient": {
                "mean": 0.20265151943998197,
                "std": 0.13425662866115323
            }
        }
    }
}