{
    "metadata": {
        "policy_name": "EvacuationPolicy",
        "experiment_id": "20250303_0921",
        "city_size": 63,
        "run_id": 109
    },
    "performance": {
        "success": false,
        "time_taken": 753.7216887852705,
        "path_length": 98.40331024827002
    },
    "resource_details": {
        "explosives": {
            "allocated": 5,
            "used": 4,
            "efficiency": 0.8
        },
        "ammo": {
            "allocated": 5,
            "used": 5,
            "efficiency": 1.0
        },
        "radiation_suits": {
            "allocated": 5,
            "used": 3,
            "efficiency": 0.6
        }
    },
    "proxy_metrics": {
        "nodes": {
            "seismic_activity": {
                "mean": 0.3794994590276591,
                "std": 0.2689100344523182
            },
            "radiation_readings": {
                "mean": 0.3918998585220641,
                "std": 0.2933080138163628
            },
            "population_density": {
                "mean": 0.23319624248515405,
                "std": 0.19121937878108
            },
            "emergency_calls": {
                "mean": 0.7698124891584712,
                "std": 0.28260031768042887
            },
            "thermal_readings": {
                "mean": 0.3997771106079084,
                "std": 0.20350121813079255
            },
            "signal_strength": {
                "mean": 0.627512856238506,
                "std": 0.19232796934991933
            },
            "structural_integrity": {
                "mean": 0.6137882158770895,
                "std": 0.2643633712393671
            }
        },
        "edges": {
            "structural_damage": {
                "mean": 0.46903705571862286,
                "std": 0.3655526183836572
            },
            "signal_interference": {
                "mean": 0.33455979533549063,
                "std": 0.1936191189078975
            },
            "movement_sightings": {
                "mean": 0.5287173242297937,
                "std": 0.23821786780815393
            },
            "debris_density": {
                "mean": 0.47747788945591507,
                "std": 0.30832898807920267
            },
            "hazard_gradient": {
                "mean": 0.1985169094178174,
                "std": 0.14702924129358075
            }
        }
    }
}