{
    "metadata": {
        "policy_name": "EvacuationPolicy",
        "experiment_id": "20250303_0921",
        "city_size": 56,
        "run_id": 57
    },
    "performance": {
        "success": true,
        "time_taken": 173.14058883097576,
        "path_length": 34.17961224256542
    },
    "resource_details": {
        "explosives": {
            "allocated": 4,
            "used": 1,
            "efficiency": 0.25
        },
        "ammo": {
            "allocated": 4,
            "used": 4,
            "efficiency": 1.0
        },
        "radiation_suits": {
            "allocated": 4,
            "used": 3,
            "efficiency": 0.75
        }
    },
    "proxy_metrics": {
        "nodes": {
            "seismic_activity": {
                "mean": 0.22284135310393108,
                "std": 0.16936722848360705
            },
            "radiation_readings": {
                "mean": 0.3024254971376909,
                "std": 0.30914628914537134
            },
            "population_density": {
                "mean": 0.19879654067749097,
                "std": 0.15649978886313648
            },
            "emergency_calls": {
                "mean": 0.5367885691895203,
                "std": 0.4129065067079969
            },
            "thermal_readings": {
                "mean": 0.3612493188292859,
                "std": 0.1452472508394685
            },
            "signal_strength": {
                "mean": 0.7695940011876805,
                "std": 0.1717002667490174
            },
            "structural_integrity": {
                "mean": 0.7819935940769013,
                "std": 0.19270499927842458
            }
        },
        "edges": {
            "structural_damage": {
                "mean": 0.34231700626826755,
                "std": 0.29190715387092503
            },
            "signal_interference": {
                "mean": 0.24853878810087912,
                "std": 0.2068538641793145
            },
            "movement_sightings": {
                "mean": 0.46833413233635063,
                "std": 0.23976925280106767
            },
            "debris_density": {
                "mean": 0.351006466821417,
                "std": 0.2540635343044332
            },
            "hazard_gradient": {
                "mean": 0.1948770332564068,
                "std": 0.1295219873389691
            }
        }
    }
}