{
    "metadata": {
        "policy_name": "EvacuationPolicy",
        "experiment_id": "20250303_0921",
        "city_size": 33,
        "run_id": 147
    },
    "performance": {
        "success": false,
        "time_taken": 344.87278374604386,
        "path_length": 56.063394490565315
    },
    "resource_details": {
        "explosives": {
            "allocated": 3,
            "used": 3,
            "efficiency": 1.0
        },
        "ammo": {
            "allocated": 3,
            "used": 3,
            "efficiency": 1.0
        },
        "radiation_suits": {
            "allocated": 3,
            "used": 3,
            "efficiency": 1.0
        }
    },
    "proxy_metrics": {
        "nodes": {
            "seismic_activity": {
                "mean": 0.3939046511338332,
                "std": 0.26362228509877805
            },
            "radiation_readings": {
                "mean": 0.5105479822698541,
                "std": 0.2647188195879547
            },
            "population_density": {
                "mean": 0.18465097384958862,
                "std": 0.10500364488502557
            },
            "emergency_calls": {
                "mean": 0.8339596855715455,
                "std": 0.19233188016415034
            },
            "thermal_readings": {
                "mean": 0.3839085927481314,
                "std": 0.10765123735916003
            },
            "signal_strength": {
                "mean": 0.5831299102741674,
                "std": 0.20951192194908505
            },
            "structural_integrity": {
                "mean": 0.6187755670824352,
                "std": 0.273133502559388
            }
        },
        "edges": {
            "structural_damage": {
                "mean": 0.4867588677925094,
                "std": 0.35265763924642923
            },
            "signal_interference": {
                "mean": 0.40297267856835706,
                "std": 0.19025728554785956
            },
            "movement_sightings": {
                "mean": 0.6412169663171655,
                "std": 0.15789669756696492
            },
            "debris_density": {
                "mean": 0.5003614819927724,
                "std": 0.2842926076658545
            },
            "hazard_gradient": {
                "mean": 0.23139978516689796,
                "std": 0.10457619175745572
            }
        }
    }
}