{
    "metadata": {
        "policy_name": "EvacuationPolicy",
        "experiment_id": "20250303_0921",
        "city_size": 63,
        "run_id": 372
    },
    "performance": {
        "success": false,
        "time_taken": 561.6504971423159,
        "path_length": 109.31795517584379
    },
    "resource_details": {
        "explosives": {
            "allocated": 3,
            "used": 3,
            "efficiency": 1.0
        },
        "ammo": {
            "allocated": 3,
            "used": 3,
            "efficiency": 1.0
        },
        "radiation_suits": {
            "allocated": 3,
            "used": 1,
            "efficiency": 0.3333333333333333
        }
    },
    "proxy_metrics": {
        "nodes": {
            "seismic_activity": {
                "mean": 0.3866644254128878,
                "std": 0.254057204729444
            },
            "radiation_readings": {
                "mean": 0.34426517358068665,
                "std": 0.31004486663759573
            },
            "population_density": {
                "mean": 0.12354003521894412,
                "std": 0.1121330820407193
            },
            "emergency_calls": {
                "mean": 0.6869013012226086,
                "std": 0.3088228783737076
            },
            "thermal_readings": {
                "mean": 0.2627697383507317,
                "std": 0.12285161551303954
            },
            "signal_strength": {
                "mean": 0.6444060076980794,
                "std": 0.20164366647480414
            },
            "structural_integrity": {
                "mean": 0.6253596940270191,
                "std": 0.2597017300469302
            }
        },
        "edges": {
            "structural_damage": {
                "mean": 0.44044472650784644,
                "std": 0.34197634706994534
            },
            "signal_interference": {
                "mean": 0.30111056668675845,
                "std": 0.22325210829292835
            },
            "movement_sightings": {
                "mean": 0.40673631091810347,
                "std": 0.17943530704327204
            },
            "debris_density": {
                "mean": 0.42088580362542566,
                "std": 0.280056209810977
            },
            "hazard_gradient": {
                "mean": 0.19843529329397788,
                "std": 0.13338912303883857
            }
        }
    }
}