{
    "metadata": {
        "policy_name": "EvacuationPolicy",
        "experiment_id": "20250303_0921",
        "city_size": 48,
        "run_id": 187
    },
    "performance": {
        "success": true,
        "time_taken": 48.372396592393876,
        "path_length": 16.046655014168948
    },
    "resource_details": {
        "explosives": {
            "allocated": 3,
            "used": 0,
            "efficiency": 0.0
        },
        "ammo": {
            "allocated": 3,
            "used": 2,
            "efficiency": 0.6666666666666666
        },
        "radiation_suits": {
            "allocated": 3,
            "used": 2,
            "efficiency": 0.6666666666666666
        }
    },
    "proxy_metrics": {
        "nodes": {
            "seismic_activity": {
                "mean": 0.24606725667923132,
                "std": 0.18914567057736364
            },
            "radiation_readings": {
                "mean": 0.43910190980651237,
                "std": 0.3047737239010779
            },
            "population_density": {
                "mean": 0.18368386588459373,
                "std": 0.17563197546448733
            },
            "emergency_calls": {
                "mean": 0.7517957281858374,
                "std": 0.2885324377592891
            },
            "thermal_readings": {
                "mean": 0.3716385694119448,
                "std": 0.20142821673935057
            },
            "signal_strength": {
                "mean": 0.7079070707753904,
                "std": 0.14287255213960945
            },
            "structural_integrity": {
                "mean": 0.7668627802850501,
                "std": 0.18237218948361864
            }
        },
        "edges": {
            "structural_damage": {
                "mean": 0.3521291180913622,
                "std": 0.32231633982955277
            },
            "signal_interference": {
                "mean": 0.32176593596730474,
                "std": 0.2042504459595592
            },
            "movement_sightings": {
                "mean": 0.49939662669275175,
                "std": 0.2265390816415222
            },
            "debris_density": {
                "mean": 0.36456994458914915,
                "std": 0.2587286004635512
            },
            "hazard_gradient": {
                "mean": 0.18950924096721003,
                "std": 0.13762658766940708
            }
        }
    }
}