{
    "metadata": {
        "policy_name": "EvacuationPolicy",
        "experiment_id": "20250303_0921",
        "city_size": 47,
        "run_id": 77
    },
    "performance": {
        "success": false,
        "time_taken": 465.9347867018026,
        "path_length": 89.86202906752276
    },
    "resource_details": {
        "explosives": {
            "allocated": 3,
            "used": 2,
            "efficiency": 0.6666666666666666
        },
        "ammo": {
            "allocated": 3,
            "used": 2,
            "efficiency": 0.6666666666666666
        },
        "radiation_suits": {
            "allocated": 3,
            "used": 3,
            "efficiency": 1.0
        }
    },
    "proxy_metrics": {
        "nodes": {
            "seismic_activity": {
                "mean": 0.3364353049986924,
                "std": 0.24473091959771395
            },
            "radiation_readings": {
                "mean": 0.39776320256146097,
                "std": 0.31250522812172005
            },
            "population_density": {
                "mean": 0.20458618692105338,
                "std": 0.12747718378915746
            },
            "emergency_calls": {
                "mean": 0.7071174448204621,
                "std": 0.34574568771278047
            },
            "thermal_readings": {
                "mean": 0.3643037362426891,
                "std": 0.11297693743416994
            },
            "signal_strength": {
                "mean": 0.6535748683764229,
                "std": 0.243156409860268
            },
            "structural_integrity": {
                "mean": 0.6682553529789278,
                "std": 0.25290781144721936
            }
        },
        "edges": {
            "structural_damage": {
                "mean": 0.4501028232067872,
                "std": 0.35770871483813904
            },
            "signal_interference": {
                "mean": 0.32961431845639977,
                "std": 0.24123696235310238
            },
            "movement_sightings": {
                "mean": 0.49889297153851075,
                "std": 0.21030010673108682
            },
            "debris_density": {
                "mean": 0.46219423769698087,
                "std": 0.3136529058722665
            },
            "hazard_gradient": {
                "mean": 0.18124338695030542,
                "std": 0.1316089801218868
            }
        }
    }
}