{
    "metadata": {
        "policy_name": "EvacuationPolicy",
        "experiment_id": "20250303_0921",
        "city_size": 60,
        "run_id": 311
    },
    "performance": {
        "success": false,
        "time_taken": 714.4641664416089,
        "path_length": 118.10692368618236
    },
    "resource_details": {
        "explosives": {
            "allocated": 3,
            "used": 3,
            "efficiency": 1.0
        },
        "ammo": {
            "allocated": 3,
            "used": 3,
            "efficiency": 1.0
        },
        "radiation_suits": {
            "allocated": 3,
            "used": 3,
            "efficiency": 1.0
        }
    },
    "proxy_metrics": {
        "nodes": {
            "seismic_activity": {
                "mean": 0.3565683128025546,
                "std": 0.28118150793514446
            },
            "radiation_readings": {
                "mean": 0.3836013694525116,
                "std": 0.31192768693450873
            },
            "population_density": {
                "mean": 0.24376606200999873,
                "std": 0.21328253595270413
            },
            "emergency_calls": {
                "mean": 0.7389071384546106,
                "std": 0.2940618885854487
            },
            "thermal_readings": {
                "mean": 0.4185553489145054,
                "std": 0.19967248318122463
            },
            "signal_strength": {
                "mean": 0.6473876275195501,
                "std": 0.22396696911334196
            },
            "structural_integrity": {
                "mean": 0.6325361667176022,
                "std": 0.2858845393872249
            }
        },
        "edges": {
            "structural_damage": {
                "mean": 0.44907750430491167,
                "std": 0.3374747730397689
            },
            "signal_interference": {
                "mean": 0.3213903956308934,
                "std": 0.21545387669075497
            },
            "movement_sightings": {
                "mean": 0.5167272399633814,
                "std": 0.22749235774040155
            },
            "debris_density": {
                "mean": 0.4496829667750729,
                "std": 0.2854010048176219
            },
            "hazard_gradient": {
                "mean": 0.21513831752800666,
                "std": 0.14010828346552248
            }
        }
    }
}