{
    "metadata": {
        "policy_name": "EvacuationPolicy",
        "experiment_id": "20250303_0921",
        "city_size": 64,
        "run_id": 233
    },
    "performance": {
        "success": false,
        "time_taken": 495.9669276908157,
        "path_length": 82.1111739389523
    },
    "resource_details": {
        "explosives": {
            "allocated": 4,
            "used": 2,
            "efficiency": 0.5
        },
        "ammo": {
            "allocated": 4,
            "used": 3,
            "efficiency": 0.75
        },
        "radiation_suits": {
            "allocated": 4,
            "used": 4,
            "efficiency": 1.0
        }
    },
    "proxy_metrics": {
        "nodes": {
            "seismic_activity": {
                "mean": 0.3993903374878064,
                "std": 0.2836788751475903
            },
            "radiation_readings": {
                "mean": 0.3745020210911188,
                "std": 0.32261224854778314
            },
            "population_density": {
                "mean": 0.1926038138395524,
                "std": 0.13154138042277355
            },
            "emergency_calls": {
                "mean": 0.7428056539987751,
                "std": 0.3046716951856558
            },
            "thermal_readings": {
                "mean": 0.325981475844354,
                "std": 0.13578429429754216
            },
            "signal_strength": {
                "mean": 0.614567554799601,
                "std": 0.2541326080387881
            },
            "structural_integrity": {
                "mean": 0.5999387954011937,
                "std": 0.29116459968216674
            }
        },
        "edges": {
            "structural_damage": {
                "mean": 0.4986653924862557,
                "std": 0.34361709960784775
            },
            "signal_interference": {
                "mean": 0.32078941946527006,
                "std": 0.23197446987690779
            },
            "movement_sightings": {
                "mean": 0.45318121626172536,
                "std": 0.2293266673918765
            },
            "debris_density": {
                "mean": 0.49883804718611713,
                "std": 0.2979447017154554
            },
            "hazard_gradient": {
                "mean": 0.21207062205637972,
                "std": 0.14375131584482514
            }
        }
    }
}