{
    "metadata": {
        "policy_name": "EvacuationPolicy",
        "experiment_id": "20250303_0921",
        "city_size": 45,
        "run_id": 117
    },
    "performance": {
        "success": true,
        "time_taken": 55.55456395554905,
        "path_length": 15.636033177262384
    },
    "resource_details": {
        "explosives": {
            "allocated": 3,
            "used": 0,
            "efficiency": 0.0
        },
        "ammo": {
            "allocated": 3,
            "used": 2,
            "efficiency": 0.6666666666666666
        },
        "radiation_suits": {
            "allocated": 3,
            "used": 3,
            "efficiency": 1.0
        }
    },
    "proxy_metrics": {
        "nodes": {
            "seismic_activity": {
                "mean": 0.3277317316047128,
                "std": 0.2334455407044214
            },
            "radiation_readings": {
                "mean": 0.40657731072221615,
                "std": 0.28214425360972684
            },
            "population_density": {
                "mean": 0.23121504993116965,
                "std": 0.1781160587903894
            },
            "emergency_calls": {
                "mean": 0.7442763977533923,
                "std": 0.2929049159800146
            },
            "thermal_readings": {
                "mean": 0.38128556625926036,
                "std": 0.18342774519202784
            },
            "signal_strength": {
                "mean": 0.642467079793441,
                "std": 0.16813953235602372
            },
            "structural_integrity": {
                "mean": 0.6838769715796361,
                "std": 0.22361313620549003
            }
        },
        "edges": {
            "structural_damage": {
                "mean": 0.44462948852825507,
                "std": 0.3345219027679303
            },
            "signal_interference": {
                "mean": 0.34048243733273187,
                "std": 0.21547431191969582
            },
            "movement_sightings": {
                "mean": 0.4867380149096222,
                "std": 0.23415113375141003
            },
            "debris_density": {
                "mean": 0.46343477018265805,
                "std": 0.27093469919747826
            },
            "hazard_gradient": {
                "mean": 0.23022431044342886,
                "std": 0.14377131608936
            }
        }
    }
}