{
    "metadata": {
        "policy_name": "EvacuationPolicy",
        "experiment_id": "20250303_0921",
        "city_size": 40,
        "run_id": 425
    },
    "performance": {
        "success": false,
        "time_taken": 1038.2352958375425,
        "path_length": 171.2480442971934
    },
    "resource_details": {
        "explosives": {
            "allocated": 4,
            "used": 2,
            "efficiency": 0.5
        },
        "ammo": {
            "allocated": 4,
            "used": 4,
            "efficiency": 1.0
        },
        "radiation_suits": {
            "allocated": 4,
            "used": 3,
            "efficiency": 0.75
        }
    },
    "proxy_metrics": {
        "nodes": {
            "seismic_activity": {
                "mean": 0.5151385047998633,
                "std": 0.24658542982448767
            },
            "radiation_readings": {
                "mean": 0.40454443254668926,
                "std": 0.31086941914945426
            },
            "population_density": {
                "mean": 0.23825026025957546,
                "std": 0.1753538109376276
            },
            "emergency_calls": {
                "mean": 0.8267352203449961,
                "std": 0.1729358281764868
            },
            "thermal_readings": {
                "mean": 0.41370464169756593,
                "std": 0.17768094649965707
            },
            "signal_strength": {
                "mean": 0.5200278880850144,
                "std": 0.15410441157679192
            },
            "structural_integrity": {
                "mean": 0.48145628340242863,
                "std": 0.22485183528269148
            }
        },
        "edges": {
            "structural_damage": {
                "mean": 0.5752836892281364,
                "std": 0.33345561633201143
            },
            "signal_interference": {
                "mean": 0.37409035082530906,
                "std": 0.19479103837769637
            },
            "movement_sightings": {
                "mean": 0.5505569681464632,
                "std": 0.23435494445941676
            },
            "debris_density": {
                "mean": 0.5833908875867376,
                "std": 0.25943889169550616
            },
            "hazard_gradient": {
                "mean": 0.21201225928995696,
                "std": 0.13920064604989485
            }
        }
    }
}