{
    "metadata": {
        "policy_name": "EvacuationPolicy",
        "experiment_id": "20250303_0921",
        "city_size": 63,
        "run_id": 60
    },
    "performance": {
        "success": false,
        "time_taken": 715.1095689807088,
        "path_length": 138.03856952860025
    },
    "resource_details": {
        "explosives": {
            "allocated": 3,
            "used": 3,
            "efficiency": 1.0
        },
        "ammo": {
            "allocated": 3,
            "used": 1,
            "efficiency": 0.3333333333333333
        },
        "radiation_suits": {
            "allocated": 3,
            "used": 3,
            "efficiency": 1.0
        }
    },
    "proxy_metrics": {
        "nodes": {
            "seismic_activity": {
                "mean": 0.41034190877030846,
                "std": 0.2660042699044975
            },
            "radiation_readings": {
                "mean": 0.42699437717483046,
                "std": 0.2855067726019692
            },
            "population_density": {
                "mean": 0.20716821726526893,
                "std": 0.16851776869633658
            },
            "emergency_calls": {
                "mean": 0.7451522503061961,
                "std": 0.30496033237271836
            },
            "thermal_readings": {
                "mean": 0.38278275235839726,
                "std": 0.179100937008598
            },
            "signal_strength": {
                "mean": 0.5872546245650454,
                "std": 0.2269558202799014
            },
            "structural_integrity": {
                "mean": 0.5859512481043475,
                "std": 0.2757382806998354
            }
        },
        "edges": {
            "structural_damage": {
                "mean": 0.4959436653912159,
                "std": 0.3503150237615117
            },
            "signal_interference": {
                "mean": 0.36729372192980725,
                "std": 0.2191675787545727
            },
            "movement_sightings": {
                "mean": 0.43253164735876387,
                "std": 0.22270420585638423
            },
            "debris_density": {
                "mean": 0.49470950619973714,
                "std": 0.29351317595541
            },
            "hazard_gradient": {
                "mean": 0.21965384890528916,
                "std": 0.1311605724546693
            }
        }
    }
}