{
    "metadata": {
        "policy_name": "EvacuationPolicy",
        "experiment_id": "20250303_0921",
        "city_size": 35,
        "run_id": 19
    },
    "performance": {
        "success": false,
        "time_taken": 577.235298205473,
        "path_length": 81.1436170583017
    },
    "resource_details": {
        "explosives": {
            "allocated": 4,
            "used": 3,
            "efficiency": 0.75
        },
        "ammo": {
            "allocated": 4,
            "used": 4,
            "efficiency": 1.0
        },
        "radiation_suits": {
            "allocated": 4,
            "used": 4,
            "efficiency": 1.0
        }
    },
    "proxy_metrics": {
        "nodes": {
            "seismic_activity": {
                "mean": 0.43804789757538926,
                "std": 0.2347889732491995
            },
            "radiation_readings": {
                "mean": 0.5050983058693503,
                "std": 0.24071691086751806
            },
            "population_density": {
                "mean": 0.24746000670631457,
                "std": 0.20146496029328723
            },
            "emergency_calls": {
                "mean": 0.8722308692025555,
                "std": 0.12575320075733076
            },
            "thermal_readings": {
                "mean": 0.4108267761711148,
                "std": 0.1384976249597577
            },
            "signal_strength": {
                "mean": 0.557117991115456,
                "std": 0.18011049026009418
            },
            "structural_integrity": {
                "mean": 0.5508629708388626,
                "std": 0.23011283193173226
            }
        },
        "edges": {
            "structural_damage": {
                "mean": 0.5637454818016617,
                "std": 0.3357181097367041
            },
            "signal_interference": {
                "mean": 0.4101321213489063,
                "std": 0.21442126224760383
            },
            "movement_sightings": {
                "mean": 0.5789690836351139,
                "std": 0.22767896740523436
            },
            "debris_density": {
                "mean": 0.5621076479809609,
                "std": 0.26133190362825964
            },
            "hazard_gradient": {
                "mean": 0.2559339588976314,
                "std": 0.12382837600584584
            }
        }
    }
}