{
    "metadata": {
        "policy_name": "EvacuationPolicy",
        "experiment_id": "20250303_0921",
        "city_size": 21,
        "run_id": 37
    },
    "performance": {
        "success": true,
        "time_taken": 134.95157106593314,
        "path_length": 50.264310330412805
    },
    "resource_details": {
        "explosives": {
            "allocated": 3,
            "used": 0,
            "efficiency": 0.0
        },
        "ammo": {
            "allocated": 3,
            "used": 0,
            "efficiency": 0.0
        },
        "radiation_suits": {
            "allocated": 3,
            "used": 3,
            "efficiency": 1.0
        }
    },
    "proxy_metrics": {
        "nodes": {
            "seismic_activity": {
                "mean": 0.3461729655341233,
                "std": 0.20373201107142258
            },
            "radiation_readings": {
                "mean": 0.44138097844216545,
                "std": 0.2854920664489589
            },
            "population_density": {
                "mean": 0.2588448252355504,
                "std": 0.2079429181176469
            },
            "emergency_calls": {
                "mean": 0.6906453916096321,
                "std": 0.38543728002363803
            },
            "thermal_readings": {
                "mean": 0.4295107564582927,
                "std": 0.1413558418068173
            },
            "signal_strength": {
                "mean": 0.5952831282144249,
                "std": 0.22166240237706766
            },
            "structural_integrity": {
                "mean": 0.6525627373683854,
                "std": 0.2299286291109461
            }
        },
        "edges": {
            "structural_damage": {
                "mean": 0.4907378062971702,
                "std": 0.32576704635419207
            },
            "signal_interference": {
                "mean": 0.3628966396786294,
                "std": 0.2321689117905543
            },
            "movement_sightings": {
                "mean": 0.5352937830423629,
                "std": 0.2706257181035319
            },
            "debris_density": {
                "mean": 0.5009367684478938,
                "std": 0.27320464123811966
            },
            "hazard_gradient": {
                "mean": 0.2703704382006646,
                "std": 0.13994970950029959
            }
        }
    }
}