{
    "metadata": {
        "policy_name": "EvacuationPolicy",
        "experiment_id": "20250303_0921",
        "city_size": 69,
        "run_id": 438
    },
    "performance": {
        "success": true,
        "time_taken": 76.0397011977088,
        "path_length": 29.441284980102346
    },
    "resource_details": {
        "explosives": {
            "allocated": 5,
            "used": 0,
            "efficiency": 0.0
        },
        "ammo": {
            "allocated": 5,
            "used": 1,
            "efficiency": 0.2
        },
        "radiation_suits": {
            "allocated": 5,
            "used": 2,
            "efficiency": 0.4
        }
    },
    "proxy_metrics": {
        "nodes": {
            "seismic_activity": {
                "mean": 0.2596145329759572,
                "std": 0.19775612733329306
            },
            "radiation_readings": {
                "mean": 0.38472451842088673,
                "std": 0.2940172750805105
            },
            "population_density": {
                "mean": 0.13785681758155374,
                "std": 0.12314979690087513
            },
            "emergency_calls": {
                "mean": 0.6881598267110084,
                "std": 0.32707930640453425
            },
            "thermal_readings": {
                "mean": 0.2692643717290605,
                "std": 0.14529783872145846
            },
            "signal_strength": {
                "mean": 0.7234828969680221,
                "std": 0.1619137869874429
            },
            "structural_integrity": {
                "mean": 0.7573987252215911,
                "std": 0.18772924037683192
            }
        },
        "edges": {
            "structural_damage": {
                "mean": 0.35628995482856435,
                "std": 0.31917568269134744
            },
            "signal_interference": {
                "mean": 0.32305963407539295,
                "std": 0.2000997685440361
            },
            "movement_sightings": {
                "mean": 0.4046226829170278,
                "std": 0.20620791388879106
            },
            "debris_density": {
                "mean": 0.36521365302028036,
                "std": 0.2766625830146785
            },
            "hazard_gradient": {
                "mean": 0.21362298456116846,
                "std": 0.14094132670456905
            }
        }
    }
}