{
    "metadata": {
        "policy_name": "EvacuationPolicy",
        "experiment_id": "20250303_0921",
        "city_size": 52,
        "run_id": 295
    },
    "performance": {
        "success": false,
        "time_taken": 556.3811710492297,
        "path_length": 108.23283199662433
    },
    "resource_details": {
        "explosives": {
            "allocated": 3,
            "used": 1,
            "efficiency": 0.3333333333333333
        },
        "ammo": {
            "allocated": 3,
            "used": 3,
            "efficiency": 1.0
        },
        "radiation_suits": {
            "allocated": 3,
            "used": 3,
            "efficiency": 1.0
        }
    },
    "proxy_metrics": {
        "nodes": {
            "seismic_activity": {
                "mean": 0.4261730055001391,
                "std": 0.2972041932918653
            },
            "radiation_readings": {
                "mean": 0.34630057639221695,
                "std": 0.3166128719278033
            },
            "population_density": {
                "mean": 0.23127294870723944,
                "std": 0.17531429114441544
            },
            "emergency_calls": {
                "mean": 0.6451156905108462,
                "std": 0.34461973996292633
            },
            "thermal_readings": {
                "mean": 0.3924438672524243,
                "std": 0.14340616750961344
            },
            "signal_strength": {
                "mean": 0.6043320456450793,
                "std": 0.2574558188703742
            },
            "structural_integrity": {
                "mean": 0.5616627652174716,
                "std": 0.29772681902380377
            }
        },
        "edges": {
            "structural_damage": {
                "mean": 0.5070482121707592,
                "std": 0.3805939158898896
            },
            "signal_interference": {
                "mean": 0.31002217257998643,
                "std": 0.23494869906121277
            },
            "movement_sightings": {
                "mean": 0.442531384031638,
                "std": 0.21898974768068363
            },
            "debris_density": {
                "mean": 0.4960677731318547,
                "std": 0.32157956500108337
            },
            "hazard_gradient": {
                "mean": 0.21435720574111244,
                "std": 0.13289812533320214
            }
        }
    }
}