{
    "metadata": {
        "policy_name": "EvacuationPolicy",
        "experiment_id": "20250303_0921",
        "city_size": 69,
        "run_id": 291
    },
    "performance": {
        "success": false,
        "time_taken": 1225.0110171452372,
        "path_length": 159.35796212816123
    },
    "resource_details": {
        "explosives": {
            "allocated": 5,
            "used": 2,
            "efficiency": 0.4
        },
        "ammo": {
            "allocated": 5,
            "used": 5,
            "efficiency": 1.0
        },
        "radiation_suits": {
            "allocated": 5,
            "used": 5,
            "efficiency": 1.0
        }
    },
    "proxy_metrics": {
        "nodes": {
            "seismic_activity": {
                "mean": 0.37765887618910665,
                "std": 0.28078329500700566
            },
            "radiation_readings": {
                "mean": 0.36241208764458116,
                "std": 0.29317083519551107
            },
            "population_density": {
                "mean": 0.2346505120972628,
                "std": 0.1583939033547623
            },
            "emergency_calls": {
                "mean": 0.6730385492664372,
                "std": 0.3497797062072296
            },
            "thermal_readings": {
                "mean": 0.37661016291666805,
                "std": 0.15673557027007776
            },
            "signal_strength": {
                "mean": 0.6479184155875463,
                "std": 0.21224320870398988
            },
            "structural_integrity": {
                "mean": 0.6291638812801521,
                "std": 0.28395062851347863
            }
        },
        "edges": {
            "structural_damage": {
                "mean": 0.4445213957178346,
                "std": 0.34354722354631767
            },
            "signal_interference": {
                "mean": 0.3130881047978681,
                "std": 0.21303741613882393
            },
            "movement_sightings": {
                "mean": 0.4759953032223792,
                "std": 0.2066950262249338
            },
            "debris_density": {
                "mean": 0.4457159759274972,
                "std": 0.29661607835544834
            },
            "hazard_gradient": {
                "mean": 0.2200454234401904,
                "std": 0.12618037959326728
            }
        }
    }
}