{
    "metadata": {
        "policy_name": "EvacuationPolicy",
        "experiment_id": "20250303_0921",
        "city_size": 43,
        "run_id": 350
    },
    "performance": {
        "success": false,
        "time_taken": 554.5291178944796,
        "path_length": 73.53320766424608
    },
    "resource_details": {
        "explosives": {
            "allocated": 4,
            "used": 4,
            "efficiency": 1.0
        },
        "ammo": {
            "allocated": 4,
            "used": 4,
            "efficiency": 1.0
        },
        "radiation_suits": {
            "allocated": 4,
            "used": 4,
            "efficiency": 1.0
        }
    },
    "proxy_metrics": {
        "nodes": {
            "seismic_activity": {
                "mean": 0.46109174230796,
                "std": 0.29517824488655614
            },
            "radiation_readings": {
                "mean": 0.3743700964507314,
                "std": 0.2648776215838395
            },
            "population_density": {
                "mean": 0.17489284424335083,
                "std": 0.12318639142667835
            },
            "emergency_calls": {
                "mean": 0.7485712116568853,
                "std": 0.30048057909880077
            },
            "thermal_readings": {
                "mean": 0.3354756599992676,
                "std": 0.15259189059959524
            },
            "signal_strength": {
                "mean": 0.5490013038216134,
                "std": 0.2529100708998645
            },
            "structural_integrity": {
                "mean": 0.5333255818791455,
                "std": 0.29565041469346337
            }
        },
        "edges": {
            "structural_damage": {
                "mean": 0.4991626858272527,
                "std": 0.3664454687854834
            },
            "signal_interference": {
                "mean": 0.3601585003933349,
                "std": 0.24058630164487432
            },
            "movement_sightings": {
                "mean": 0.49987596928451233,
                "std": 0.19826203052612404
            },
            "debris_density": {
                "mean": 0.476059308330621,
                "std": 0.33149158803188866
            },
            "hazard_gradient": {
                "mean": 0.21025658461542243,
                "std": 0.13179979201197417
            }
        }
    }
}