{
    "metadata": {
        "policy_name": "EvacuationPolicy",
        "experiment_id": "20250301_1344",
        "city_size": 29,
        "run_id": 4
    },
    "performance": {
        "success": true,
        "time_taken": 774.4216858890575,
        "path_length": 101.07689910603825
    },
    "resource_details": {
        "explosives": {
            "allocated": 5,
            "used": 3,
            "efficiency": 0.6
        },
        "ammo": {
            "allocated": 5,
            "used": 5,
            "efficiency": 1.0
        },
        "radiation_suits": {
            "allocated": 5,
            "used": 5,
            "efficiency": 1.0
        }
    },
    "proxy_metrics": {
        "nodes": {
            "seismic_activity": {
                "mean": 0.5916425258951115,
                "std": 0.26319319234547184
            },
            "radiation_readings": {
                "mean": 0.4328929517162725,
                "std": 0.3051142175075193
            },
            "population_density": {
                "mean": 0.3109581263082124,
                "std": 0.16920060415429625
            },
            "emergency_calls": {
                "mean": 0.8083453651301957,
                "std": 0.18732900092565608
            },
            "thermal_readings": {
                "mean": 0.5128567537546348,
                "std": 0.12762015735055482
            },
            "signal_strength": {
                "mean": 0.46538814778675386,
                "std": 0.2180392787549223
            },
            "structural_integrity": {
                "mean": 0.3886883196294504,
                "std": 0.27931565483937204
            }
        },
        "edges": {
            "structural_damage": {
                "mean": 0.6793313552315506,
                "std": 0.2945105817718744
            },
            "signal_interference": {
                "mean": 0.3628690958552469,
                "std": 0.2335103494428149
            },
            "movement_sightings": {
                "mean": 0.5567805981695714,
                "std": 0.23561734153736175
            },
            "debris_density": {
                "mean": 0.6480108620816758,
                "std": 0.22143072968604724
            },
            "hazard_gradient": {
                "mean": 0.201179546736391,
                "std": 0.14331644870105012
            }
        }
    }
}