{
    "overall": {
        "nodes": {
            "seismic_activity": 0.4521205170548053,
            "radiation_readings": 0.4102451427552344,
            "population_density": 0.2208282855531459,
            "emergency_calls": 0.7602454240421247,
            "thermal_readings": 0.4024267141070279,
            "signal_strength": 0.5666008130293687,
            "structural_integrity": 0.5438938074574072
        },
        "edges": {
            "structural_damage": 0.5372788241879147,
            "signal_interference": 0.35294191978437417,
            "movement_sightings": 0.5248606235812711,
            "debris_density": 0.5301407502408307,
            "hazard_gradient": 0.20642175339696198
        }
    },
    "by_city_size": {
        "33": {
            "nodes": {
                "seismic_activity": 0.39095504444943935,
                "radiation_readings": 0.3130710662412386,
                "population_density": 0.22628770511009882,
                "emergency_calls": 0.6296282720955334,
                "thermal_readings": 0.429559339593838,
                "signal_strength": 0.6475979943320457,
                "structural_integrity": 0.6007195971651241
            },
            "edges": {
                "structural_damage": 0.5302243617549497,
                "signal_interference": 0.29331321059758975,
                "movement_sightings": 0.48375154235711937,
                "debris_density": 0.5174951441131793,
                "hazard_gradient": 0.1969394380684761
            }
        },
        "47": {
            "nodes": {
                "seismic_activity": 0.2485433149206171,
                "radiation_readings": 0.347918699456679,
                "population_density": 0.22407169825642026,
                "emergency_calls": 0.576121277239824,
                "thermal_readings": 0.3884225476624694,
                "signal_strength": 0.7326293631928176,
                "structural_integrity": 0.7567004441689887
            },
            "edges": {
                "structural_damage": 0.3221882229201846,
                "signal_interference": 0.29322258731257933,
                "movement_sightings": 0.5078186117526721,
                "debris_density": 0.32207152969073094,
                "hazard_gradient": 0.20014414278194634
            }
        },
        "50": {
            "nodes": {
                "seismic_activity": 0.43821133237734045,
                "radiation_readings": 0.409243428095195,
                "population_density": 0.21734048133927725,
                "emergency_calls": 0.8139211411849577,
                "thermal_readings": 0.3847345276758639,
                "signal_strength": 0.5735194202181467,
                "structural_integrity": 0.5600526156005592
            },
            "edges": {
                "structural_damage": 0.499266644898116,
                "signal_interference": 0.3542217229569796,
                "movement_sightings": 0.48739980237915714,
                "debris_density": 0.4993217462194536,
                "hazard_gradient": 0.21247141874995468
            }
        },
        "48": {
            "nodes": {
                "seismic_activity": 0.28148969742842733,
                "radiation_readings": 0.37003309226960873,
                "population_density": 0.17596223624283744,
                "emergency_calls": 0.7324251342551182,
                "thermal_readings": 0.3590742117101506,
                "signal_strength": 0.6959911297004365,
                "structural_integrity": 0.7187739755014732
            },
            "edges": {
                "structural_damage": 0.3551177150282993,
                "signal_interference": 0.28868603258904074,
                "movement_sightings": 0.5316282206036983,
                "debris_density": 0.3463552630678365,
                "hazard_gradient": 0.17620260416839578
            }
        },
        "29": {
            "nodes": {
                "seismic_activity": 0.5916425258951116,
                "radiation_readings": 0.4328929517162724,
                "population_density": 0.31095812630821235,
                "emergency_calls": 0.8083453651301957,
                "thermal_readings": 0.5128567537546348,
                "signal_strength": 0.46538814778675397,
                "structural_integrity": 0.3886883196294504
            },
            "edges": {
                "structural_damage": 0.6793313552315505,
                "signal_interference": 0.362869095855247,
                "movement_sightings": 0.5567805981695715,
                "debris_density": 0.6480108620816757,
                "hazard_gradient": 0.2011795467363909
            }
        },
        "21": {
            "nodes": {
                "seismic_activity": 0.38335033511145233,
                "radiation_readings": 0.4147860444978321,
                "population_density": 0.15064592770575005,
                "emergency_calls": 0.6743612643383149,
                "thermal_readings": 0.36252922404279947,
                "signal_strength": 0.6095534570101562,
                "structural_integrity": 0.6012085410129276
            },
            "edges": {
                "structural_damage": 0.5477123243961625,
                "signal_interference": 0.3303525307448318,
                "movement_sightings": 0.4480272521282103,
                "debris_density": 0.5485853677606767,
                "hazard_gradient": 0.1769922896589386
            }
        },
        "24": {
            "nodes": {
                "seismic_activity": 0.3460151730416057,
                "radiation_readings": 0.460407881246017,
                "population_density": 0.2971286926997356,
                "emergency_calls": 0.8083897080408399,
                "thermal_readings": 0.48036643183741273,
                "signal_strength": 0.6001763393441716,
                "structural_integrity": 0.6625153876923326
            },
            "edges": {
                "structural_damage": 0.4813414645933562,
                "signal_interference": 0.3779822534631211,
                "movement_sightings": 0.6006779146288381,
                "debris_density": 0.4902639451773293,
                "hazard_gradient": 0.25038546355027247
            }
        },
        "30": {
            "nodes": {
                "seismic_activity": 0.8037008466447291,
                "radiation_readings": 0.5022213869833838,
                "population_density": 0.25790613536740287,
                "emergency_calls": 0.8729978940701979,
                "thermal_readings": 0.38904807882150466,
                "signal_strength": 0.3075841145286066,
                "structural_integrity": 0.2098632401024232
            },
            "edges": {
                "structural_damage": 0.8038313989292898,
                "signal_interference": 0.4674510796300789,
                "movement_sightings": 0.5654406773529743,
                "debris_density": 0.7789725255008085,
                "hazard_gradient": 0.22935540935461585
            }
        },
        "23": {
            "nodes": {
                "seismic_activity": 0.5990855683019898,
                "radiation_readings": 0.4426334489509222,
                "population_density": 0.1306413711624472,
                "emergency_calls": 0.8723430428813073,
                "thermal_readings": 0.33294149829574216,
                "signal_strength": 0.4600487439624062,
                "structural_integrity": 0.3803633381002349
            },
            "edges": {
                "structural_damage": 0.6545081092291224,
                "signal_interference": 0.40709896173729376,
                "movement_sightings": 0.579681814061312,
                "debris_density": 0.651009372577164,
                "hazard_gradient": 0.20807580215067453
            }
        }
    },
    "correlations": {
        "nodes": {
            "seismic_activity": -0.03753312440514161,
            "radiation_readings": -0.10033315812263037,
            "population_density": 0.6507286851798096,